activityLevel,elapsed_min,lowestRespirationValue,highestRespirationValue,avgWakingRespirationValue,avgSleepRespirationValue,averageRespirationValue_num,averageSpO2HRSleep_num,averageSpO2Value_num,avgSleepStress_num,awakeCount_num,awakeSleepSeconds_num,deepSleepSeconds_num,highestRespirationValue_num,highestSpO2Value_num,lightSleepSeconds_num,lowestRespirationValue_num,lowestSpO2Value_num,remSleepSeconds_num,sleepEndTimestampGMT_dt,sleepStartTimestampGMT_dt,sleepTimeSeconds_num,tot_sleep_hours,Prin1,Prin2,rownum,CLUSTER
-1.29414832,-0.261098654,0.1267975865,-0.318128901,-1.165511775,-1.760173934,-1.760173934,-0.990463808,-0.325571633,-0.906887602,-0.013714071,-0.546961534,-0.189351294,-3.614393189,0.4880967554,0.0388827955,0.3014993508,-0.393939205,-0.093809479,-1.674195903,-1.673101902,-0.069841239,-0.226901794,-3.38414524,1.8566118452,1,2
-0.381664081,1.4845561825,0.1267975865,-0.318128901,-1.165511775,-1.760173934,-1.760173934,-0.990463808,-0.325571633,-0.906887602,-0.013714071,-0.546961534,-0.189351294,-3.614393189,0.4880967554,0.0388827955,0.3014993508,-0.393939205,-0.093809479,-1.674195903,-1.673101902,-0.069841239,-0.226901794,-3.361347738,2.0518071732,2,2
0.5308201586,-0.589692505,0.1267975865,-0.318128901,-1.165511775,-1.760173934,-1.760173934,-0.990463808,-0.325571633,-0.906887602,-0.013714071,-0.546961534,-0.189351294,-3.614393189,0.4880967554,0.0388827955,0.3014993508,-0.393939205,-0.093809479,-1.674195903,-1.673101902,-0.069841239,-0.226901794,-3.369450086,1.859431559,3,2
1.4433043981,-1.051777609,0.1267975865,-0.318128901,-1.165511775,-1.760173934,-1.760173934,-0.990463808,-0.325571633,-0.906887602,-0.013714071,-0.546961534,-0.189351294,-3.614393189,0.4880967554,0.0388827955,0.3014993508,-0.393939205,-0.093809479,-1.674195903,-1.673101902,-0.069841239,-0.226901794,-3.364511367,1.8306275521,4,2
-1.29414832,0.1085694293,-0.928158333,-0.318128901,0.0713578638,1.1864351466,1.1864351466,0.2648298952,-1.050083153,0.2145905264,-0.013714071,0.2816473448,1.1966335446,0.6398966114,-0.914072106,0.1846057049,0.3014993508,-1.769461731,-1.667387836,-1.61484771,-1.614633647,-0.055477766,0.0312393313,1.6854439286,0.4846200311,5,4
-0.381664081,1.5872417611,-0.928158333,-0.318128901,0.0713578638,1.1864351466,1.1864351466,0.2648298952,-1.050083153,0.2145905264,-0.013714071,0.2816473448,1.1966335446,0.6398966114,-0.914072106,0.1846057049,0.3014993508,-1.769461731,-1.667387836,-1.61484771,-1.614633647,-0.055477766,0.0312393313,1.706081764,0.6527270674,6,4
0.5308201586,-1.051777609,-0.928158333,-0.318128901,0.0713578638,1.1864351466,1.1864351466,0.2648298952,-1.050083153,0.2145905264,-0.013714071,0.2816473448,1.1966335446,0.6398966114,-0.914072106,0.1846057049,0.3014993508,-1.769461731,-1.667387836,-1.61484771,-1.614633647,-0.055477766,0.0312393313,1.6934108905,0.4030492978,7,4
1.4433043981,-0.846406452,-0.928158333,-0.318128901,0.0713578638,1.1864351466,1.1864351466,0.2648298952,-1.050083153,0.2145905264,-0.013714071,0.2816473448,1.1966335446,0.6398966114,-0.914072106,0.1846057049,0.3014993508,-1.769461731,-1.667387836,-1.61484771,-1.614633647,-0.055477766,0.0312393313,1.703748776,0.44196602,8,4
-1.29414832,-0.856675009,1.1817535063,0.6009101456,0.0713578638,0.4497828765,0.4497828765,,,0.2145905264,-0.964556308,-0.878405085,-2.422326868,-0.57561476,,0.7092081786,1.006127047,,0.6405270875,-1.55548436,-1.554429469,0.0503331563,-0.219526334,,,9,4
-0.381664081,1.956909844,1.1817535063,0.6009101456,0.0713578638,0.4497828765,0.4497828765,,,0.2145905264,-0.964556308,-0.878405085,-2.422326868,-0.57561476,,0.7092081786,1.006127047,,0.6405270875,-1.55548436,-1.554429469,0.0503331563,-0.219526334,,,10,4
0.5308201586,-0.38055621,1.1817535063,0.6009101456,0.0713578638,0.4497828765,0.4497828765,,,0.2145905264,-0.964556308,-0.878405085,-2.422326868,-0.57561476,,0.7092081786,1.006127047,,0.6405270875,-1.55548436,-1.554429469,0.0503331563,-0.219526334,,,11,4
-1.29414832,-0.014653265,-0.928158333,-0.318128901,1.3082275027,-0.286869394,-0.286869394,,,-0.009705099,-0.964556308,-0.836974641,0.7346385984,-0.57561476,,0.1263165411,0.3014993508,,1.8993897728,-1.493353995,-1.495603008,1.1797809642,0.7614099442,,,12,2
-0.381664081,1.5461675297,-0.928158333,-0.318128901,1.3082275027,-0.286869394,-0.286869394,,,-0.009705099,-0.964556308,-0.836974641,0.7346385984,-0.57561476,,0.1263165411,0.3014993508,,1.8993897728,-1.493353995,-1.495603008,1.1797809642,0.7614099442,,,13,2
0.5308201586,-0.004384707,-0.928158333,-0.318128901,1.3082275027,-0.286869394,-0.286869394,,,-0.009705099,-0.964556308,-0.836974641,0.7346385984,-0.57561476,,0.1263165411,0.3014993508,,1.8993897728,-1.493353995,-1.495603008,1.1797809642,0.7614099442,,,14,2
1.4433043981,-1.123657514,-0.928158333,-0.318128901,1.3082275027,-0.286869394,-0.286869394,,,-0.009705099,-0.964556308,-0.836974641,0.7346385984,-0.57561476,,0.1263165411,0.3014993508,,1.8993897728,-1.493353995,-1.495603008,1.1797809642,0.7614099442,,,15,2
-1.29414832,-0.610229621,1.1817535063,-0.318128901,1.3082275027,0.4497828765,0.4497828765,,,1.4482164671,-0.013714071,-0.132657095,-1.498336975,-0.57561476,,0.3594731961,1.006127047,,0.1160009686,-1.435624259,-1.434743725,-0.156022081,-0.175273569,,,16,4
-0.381664081,1.7104644554,1.1817535063,-0.318128901,1.3082275027,0.4497828765,0.4497828765,,,1.4482164671,-0.013714071,-0.132657095,-1.498336975,-0.57561476,,0.3594731961,1.006127047,,0.1160009686,-1.435624259,-1.434743725,-0.156022081,-0.175273569,,,17,4
0.5308201586,-0.528081158,1.1817535063,-0.318128901,1.3082275027,0.4497828765,0.4497828765,,,1.4482164671,-0.013714071,-0.132657095,-1.498336975,-0.57561476,,0.3594731961,1.006127047,,0.1160009686,-1.435624259,-1.434743725,-0.156022081,-0.175273569,,,18,4
1.4433043981,-0.94909203,1.1817535063,-0.318128901,1.3082275027,0.4497828765,0.4497828765,,,1.4482164671,-0.013714071,-0.132657095,-1.498336975,-0.57561476,,0.3594731961,1.006127047,,0.1160009686,-1.435624259,-1.434743725,-0.156022081,-0.175273569,,,19,4
-1.29414832,-0.476738369,0.1267975865,0.6009101456,0.0713578638,0.4497828765,0.4497828765,,,-0.121852912,-0.964556308,-0.836974641,-0.99784245,0.6398966114,,-0.850026952,1.7107547432,,0.395748232,-1.380119296,-1.375984772,-1.046557445,-1.148834387,,,20,4
-0.381664081,0.8581741531,0.1267975865,0.6009101456,0.0713578638,0.4497828765,0.4497828765,,,-0.121852912,-0.964556308,-0.836974641,-0.99784245,0.6398966114,,-0.850026952,1.7107547432,,0.395748232,-1.380119296,-1.375984772,-1.046557445,-1.148834387,,,21,4
0.5308201586,-0.445932695,0.1267975865,0.6009101456,0.0713578638,0.4497828765,0.4497828765,,,-0.121852912,-0.964556308,-0.836974641,-0.99784245,0.6398966114,,-0.850026952,1.7107547432,,0.395748232,-1.380119296,-1.375984772,-1.046557445,-1.148834387,,,22,4
1.4433043981,-1.123657514,0.1267975865,0.6009101456,0.0713578638,0.4497828765,0.4497828765,,,-0.121852912,-0.964556308,-0.836974641,-0.99784245,0.6398966114,,-0.850026952,1.7107547432,,0.395748232,-1.380119296,-1.375984772,-1.046557445,-1.148834387,,,23,4
-1.29414832,-0.035190381,1.1817535063,0.6009101456,0.0713578638,-0.286869394,-0.286869394,,,-0.346148538,-0.013714071,0.3230777888,0.6576394407,1.2476522971,,-0.893743824,0.3014993508,,-1.002988085,-1.321854208,-1.318857037,-1.057569441,-0.809563193,,,24,4
-0.381664081,0.8194959185,1.1817535063,0.6009101456,0.0713578638,-0.286869394,-0.286869394,,,-0.346148538,-0.013714071,0.3230777888,0.6576394407,1.2476522971,,-0.893743824,0.3014993508,,-1.002988085,-1.321854208,-1.318857037,-1.057569441,-0.809563193,,,25,4
0.5308201586,-0.856675009,1.1817535063,0.6009101456,0.0713578638,-0.286869394,-0.286869394,,,-0.346148538,-0.013714071,0.3230777888,0.6576394407,1.2476522971,,-0.893743824,0.3014993508,,-1.002988085,-1.321854208,-1.318857037,-1.057569441,-0.809563193,,,26,4
1.4433043981,-0.836137894,1.1817535063,0.6009101456,0.0713578638,-0.286869394,-0.286869394,,,-0.346148538,-0.013714071,0.3230777888,0.6576394407,1.2476522971,,-0.893743824,0.3014993508,,-1.002988085,-1.321854208,-1.318857037,-1.057569441,-0.809563193,,,27,4
-1.29414832,-0.189218749,-3.038070173,0.6009101456,-2.402381414,-1.023521664,-1.023521664,,,-0.906887602,2.8388126402,1.400269331,0.0801457579,0.0321409257,,0.9715094155,-2.517011434,,-0.163746295,-1.2504458,-1.254231764,0.9212384393,1.2039375884,,,28,2
-0.381664081,2.1417438855,-3.038070173,0.6009101456,-2.402381414,-1.023521664,-1.023521664,,,-0.906887602,2.8388126402,1.400269331,0.0801457579,0.0321409257,,0.9715094155,-2.517011434,,-0.163746295,-1.2504458,-1.254231764,0.9212384393,1.2039375884,,,29,2
0.5308201586,-0.610229621,-3.038070173,0.6009101456,-2.402381414,-1.023521664,-1.023521664,,,-0.906887602,2.8388126402,1.400269331,0.0801457579,0.0321409257,,0.9715094155,-2.517011434,,-0.163746295,-1.2504458,-1.254231764,0.9212384393,1.2039375884,,,30,2
1.4433043981,-0.569155389,-3.038070173,0.6009101456,-2.402381414,-1.023521664,-1.023521664,,,-0.906887602,2.8388126402,1.400269331,0.0801457579,0.0321409257,,0.9715094155,-2.517011434,,-0.163746295,-1.2504458,-1.254231764,0.9212384393,1.2039375884,,,31,2
-1.29414832,-0.291904327,-0.928158333,0.6009101456,0.0713578638,-0.286869394,-0.286869394,,,-0.682591976,0.9371281663,0.4473691206,-0.304850031,-1.183370446,,-0.135984696,-2.517011434,,-1.072924901,-1.200617489,-1.198833753,-0.687470605,-0.455541077,,,32,2
-0.381664081,1.3613334882,-0.928158333,0.6009101456,0.0713578638,-0.286869394,-0.286869394,,,-0.682591976,0.9371281663,0.4473691206,-0.304850031,-1.183370446,,-0.135984696,-2.517011434,,-1.072924901,-1.200617489,-1.198833753,-0.687470605,-0.455541077,,,33,2
0.5308201586,-0.877212125,-0.928158333,0.6009101456,0.0713578638,-0.286869394,-0.286869394,,,-0.682591976,0.9371281663,0.4473691206,-0.304850031,-1.183370446,,-0.135984696,-2.517011434,,-1.072924901,-1.200617489,-1.198833753,-0.687470605,-0.455541077,,,34,2
1.4433043981,-0.80533222,-0.928158333,0.6009101456,0.0713578638,-0.286869394,-0.286869394,,,-0.682591976,0.9371281663,0.4473691206,-0.304850031,-1.183370446,,-0.135984696,-2.517011434,,-1.072924901,-1.200617489,-1.198833753,-0.687470605,-0.455541077,,,35,2
-1.29414832,-0.065996054,-0.928158333,-0.318128901,0.0713578638,0.4497828765,0.4497828765,,,-0.570444163,-0.013714071,-0.50553109,0.5421407041,0.0321409257,,-0.733448624,-0.403128345,,1.4098320618,-1.075488622,-1.07492875,0.059430023,-0.101518962,,,36,1
-0.381664081,0.940322616,-0.928158333,-0.318128901,0.0713578638,0.4497828765,0.4497828765,,,-0.570444163,-0.013714071,-0.50553109,0.5421407041,0.0321409257,,-0.733448624,-0.403128345,,1.4098320618,-1.075488622,-1.07492875,0.059430023,-0.101518962,,,37,1
0.5308201586,-0.148144517,-0.928158333,-0.318128901,0.0713578638,0.4497828765,0.4497828765,,,-0.570444163,-0.013714071,-0.50553109,0.5421407041,0.0321409257,,-0.733448624,-0.403128345,,1.4098320618,-1.075488622,-1.07492875,0.059430023,-0.101518962,,,38,1
1.4433043981,-1.041509051,-0.928158333,-0.318128901,0.0713578638,0.4497828765,0.4497828765,,,-0.570444163,-0.013714071,-0.50553109,0.5421407041,0.0321409257,,-0.733448624,-0.403128345,,1.4098320618,-1.075488622,-1.07492875,0.059430023,-0.101518962,,,39,1
-1.29414832,-0.23029298,0.1267975865,2.4389882379,-1.165511775,-1.023521664,-1.023521664,,,-0.570444163,-0.964556308,-0.464100646,-0.073852558,-1.183370446,,-1.578641498,-0.403128345,,-1.42260898,-1.024571006,-1.017656354,-2.166908386,-1.997012371,,,40,4
-0.381664081,0.3447462601,0.1267975865,2.4389882379,-1.165511775,-1.023521664,-1.023521664,,,-0.570444163,-0.964556308,-0.464100646,-0.073852558,-1.183370446,,-1.578641498,-0.403128345,,-1.42260898,-1.024571006,-1.017656354,-2.166908386,-1.997012371,,,41,4
0.5308201586,-0.979897704,0.1267975865,2.4389882379,-1.165511775,-1.023521664,-1.023521664,,,-0.570444163,-0.964556308,-0.464100646,-0.073852558,-1.183370446,,-1.578641498,-0.403128345,,-1.42260898,-1.024571006,-1.017656354,-2.166908386,-1.997012371,,,42,4
1.4433043981,-1.031240493,0.1267975865,2.4389882379,-1.165511775,-1.023521664,-1.023521664,,,-0.570444163,-0.964556308,-0.464100646,-0.073852558,-1.183370446,,-1.578641498,-0.403128345,,-1.42260898,-1.024571006,-1.017656354,-2.166908386,-1.997012371,,,43,4
-1.29414832,-0.065996054,-1.983114253,0.6009101456,0.0713578638,-1.023521664,-1.023521664,,,-1.019035414,-0.013714071,-0.339809314,0.5421407041,-1.183370446,,0.5343406874,-1.107756042,,-0.128777887,-0.958301143,-0.959707499,0.677059388,0.4737669755,,,44,2
-0.381664081,1.8336871497,-1.983114253,0.6009101456,0.0713578638,-1.023521664,-1.023521664,,,-1.019035414,-0.013714071,-0.339809314,0.5421407041,-1.183370446,,0.5343406874,-1.107756042,,-0.128777887,-0.958301143,-0.959707499,0.677059388,0.4737669755,,,45,2
0.5308201586,-0.599961063,-1.983114253,0.6009101456,0.0713578638,-1.023521664,-1.023521664,,,-1.019035414,-0.013714071,-0.339809314,0.5421407041,-1.183370446,,0.5343406874,-1.107756042,,-0.128777887,-0.958301143,-0.959707499,0.677059388,0.4737669755,,,46,2
1.4433043981,-1.000434819,-1.983114253,0.6009101456,0.0713578638,-1.023521664,-1.023521664,,,-1.019035414,-0.013714071,-0.339809314,0.5421407041,-1.183370446,,0.5343406874,-1.107756042,,-0.128777887,-0.958301143,-0.959707499,0.677059388,0.4737669755,,,47,2
-1.29414832,-0.178950191,0.1267975865,-0.318128901,0.0713578638,-0.286869394,-0.286869394,,,-0.794739789,-0.964556308,-0.878405085,0.1186453368,0.0321409257,,-0.704304042,0.3014993508,,-0.233683111,-0.910924974,-0.90771176,-0.744924499,-0.898068722,,,48,1
-0.381664081,0.9608597317,0.1267975865,-0.318128901,0.0713578638,-0.286869394,-0.286869394,,,-0.794739789,-0.964556308,-0.878405085,0.1186453368,0.0321409257,,-0.704304042,0.3014993508,,-0.233683111,-0.910924974,-0.90771176,-0.744924499,-0.898068722,,,49,1
0.5308201586,-0.630766737,0.1267975865,-0.318128901,0.0713578638,-0.286869394,-0.286869394,,,-0.794739789,-0.964556308,-0.878405085,0.1186453368,0.0321409257,,-0.704304042,0.3014993508,,-0.233683111,-0.910924974,-0.90771176,-0.744924499,-0.898068722,,,50,1
-1.29414832,-0.137875959,1.1817535063,-0.318128901,1.3082275027,-0.286869394,-0.286869394,,,-0.121852912,-0.964556308,-0.671252866,0.2726436522,1.2476522971,,1.8458468716,0.3014993508,,0.9202743509,-0.841298315,-0.84706809,2.3001319054,1.7644726044,,,51,2
-0.381664081,2.7578573571,1.1817535063,-0.318128901,1.3082275027,-0.286869394,-0.286869394,,,-0.121852912,-0.964556308,-0.671252866,0.2726436522,1.2476522971,,1.8458468716,0.3014993508,,0.9202743509,-0.841298315,-0.84706809,2.3001319054,1.7644726044,,,52,2
0.5308201586,-0.291904327,1.1817535063,-0.318128901,1.3082275027,-0.286869394,-0.286869394,,,-0.121852912,-0.964556308,-0.671252866,0.2726436522,1.2476522971,,1.8458468716,0.3014993508,,0.9202743509,-0.841298315,-0.84706809,2.3001319054,1.7644726044,,,53,2
1.4433043981,-1.082583282,1.1817535063,-0.318128901,1.3082275027,-0.286869394,-0.286869394,,,-0.121852912,-0.964556308,-0.671252866,0.2726436522,1.2476522971,,1.8458468716,0.3014993508,,0.9202743509,-0.841298315,-0.84706809,2.3001319054,1.7644726044,,,54,2
-1.29414832,-0.466469811,0.1267975865,1.5199491917,1.3082275027,0.4497828765,0.4497828765,,,0.8874774031,2.8388126402,3.8860959671,-0.959342871,1.2476522971,,2.5744614184,-0.403128345,,-0.338588334,-0.781097832,-0.790677433,2.0399136419,2.8929180971,,,55,2
-0.381664081,3.2700872516,0.1267975865,1.5199491917,1.3082275027,0.4497828765,0.4497828765,,,0.8874774031,2.8388126402,3.8860959671,-0.959342871,1.2476522971,,2.5744614184,-0.403128345,,-0.338588334,-0.781097832,-0.790677433,2.0399136419,2.8929180971,,,56,2
0.5308201586,-0.66157241,0.1267975865,1.5199491917,1.3082275027,0.4497828765,0.4497828765,,,0.8874774031,2.8388126402,3.8860959671,-0.959342871,1.2476522971,,2.5744614184,-0.403128345,,-0.338588334,-0.781097832,-0.790677433,2.0399136419,2.8929180971,,,57,2
1.4433043981,0.0469580822,0.1267975865,1.5199491917,1.3082275027,0.4497828765,0.4497828765,,,0.8874774031,2.8388126402,3.8860959671,-0.959342871,1.2476522971,,2.5744614184,-0.403128345,,-0.338588334,-0.781097832,-0.790677433,2.0399136419,2.8929180971,,,58,2
-1.29414832,-0.435664137,0.1267975865,-0.318128901,0.0713578638,-1.023521664,-1.023521664,-0.153601339,-1.050083153,-0.346148538,-0.964556308,-0.836974641,-0.843844135,-1.183370446,0.4880967554,0.2866117414,0.3014993508,0.2938220587,0.6754954954,-0.726055187,-0.725772484,0.2461551798,-0.042515276,-1.827086917,0.8789872902,59,2
-0.381664081,1.6591216661,0.1267975865,-0.318128901,0.0713578638,-1.023521664,-1.023521664,-0.153601339,-1.050083153,-0.346148538,-0.964556308,-0.836974641,-0.843844135,-1.183370446,0.4880967554,0.2866117414,0.3014993508,0.2938220587,0.6754954954,-0.726055187,-0.725772484,0.2461551798,-0.042515276,-1.801465235,1.1096057688,60,2
0.5308201586,-0.363784232,0.1267975865,-0.318128901,0.0713578638,-1.023521664,-1.023521664,-0.153601339,-1.050083153,-0.346148538,-0.964556308,-0.836974641,-0.843844135,-1.183370446,0.4880967554,0.2866117414,0.3014993508,0.2938220587,0.6754954954,-0.726055187,-0.725772484,0.2461551798,-0.042515276,-1.809152262,0.9224394415,61,2
1.4433043981,-1.123657514,0.1267975865,-0.318128901,0.0713578638,-1.023521664,-1.023521664,-0.153601339,-1.050083153,-0.346148538,-0.964556308,-0.836974641,-0.843844135,-1.183370446,0.4880967554,0.2866117414,0.3014993508,0.2938220587,0.6754954954,-0.726055187,-0.725772484,0.2461551798,-0.042515276,-1.806622403,0.8634215708,62,2
-1.29414832,-0.487006927,-0.928158333,-0.318128901,0.0713578638,-1.023521664,-1.023521664,-0.781248191,-0.325571633,-0.234000725,-0.013714071,-0.256948426,-1.036342029,-0.57561476,-0.914072106,-0.850026952,0.3014993508,0.2938220587,1.1300847984,-0.65978119,-0.657197295,-0.759287973,-0.728433125,-1.852058911,-0.590493823,63,1
-0.381664081,0.8581741531,-0.928158333,-0.318128901,0.0713578638,-1.023521664,-1.023521664,-0.781248191,-0.325571633,-0.234000725,-0.013714071,-0.256948426,-1.036342029,-0.57561476,-0.914072106,-0.850026952,0.3014993508,0.2938220587,1.1300847984,-0.65978119,-0.657197295,-0.759287973,-0.728433125,-1.832500909,-0.435930933,64,1
0.5308201586,-0.23029298,-0.928158333,-0.318128901,0.0713578638,-1.023521664,-1.023521664,-0.781248191,-0.325571633,-0.234000725,-0.013714071,-0.256948426,-1.036342029,-0.57561476,-0.914072106,-0.850026952,0.3014993508,0.2938220587,1.1300847984,-0.65978119,-0.657197295,-0.759287973,-0.728433125,-1.832629102,-0.528288239,65,1
1.4433043981,-0.979897704,-0.928158333,-0.318128901,0.0713578638,-1.023521664,-1.023521664,-0.781248191,-0.325571633,-0.234000725,-0.013714071,-0.256948426,-1.036342029,-0.57561476,-0.914072106,-0.850026952,0.3014993508,0.2938220587,1.1300847984,-0.65978119,-0.657197295,-0.759287973,-0.728433125,-1.830016179,-0.586264253,66,1
-1.29414832,-0.322710001,1.1817535063,-0.318128901,0.0713578638,-0.286869394,-0.286869394,0.6832611296,0.3989398879,1.5603642799,-0.013714071,1.9802955461,-0.420348767,-0.57561476,0.4880967554,1.3795335617,-1.107756042,0.9815833219,-0.128777887,-0.603186921,-0.608343441,1.151054017,1.5727106252,0.8303020538,3.8710906143,67,2
-0.381664081,2.4292635056,1.1817535063,-0.318128901,0.0713578638,-0.286869394,-0.286869394,0.6832611296,0.3989398879,1.5603642799,-0.013714071,1.9802955461,-0.420348767,-0.57561476,0.4880967554,1.3795335617,-1.107756042,0.9815833219,-0.128777887,-0.603186921,-0.608343441,1.151054017,1.5727106252,0.8612398391,4.1683879646,68,2
0.5308201586,-0.599961063,1.1817535063,-0.318128901,0.0713578638,-0.286869394,-0.286869394,0.6832611296,0.3989398879,1.5603642799,-0.013714071,1.9802955461,-0.420348767,-0.57561476,0.4880967554,1.3795335617,-1.107756042,0.9815833219,-0.128777887,-0.603186921,-0.608343441,1.151054017,1.5727106252,0.8454125293,3.8791196149,69,2
1.4433043981,-0.425395579,1.1817535063,-0.318128901,0.0713578638,-0.286869394,-0.286869394,0.6832611296,0.3989398879,1.5603642799,-0.013714071,1.9802955461,-0.420348767,-0.57561476,0.4880967554,1.3795335617,-1.107756042,0.9815833219,-0.128777887,-0.603186921,-0.608343441,1.151054017,1.5727106252,0.8555012225,3.914910765,70,2
-1.29414832,-0.445932695,0.1267975865,-1.237167947,0.0713578638,-1.760173934,-1.760173934,-0.781248191,1.1234514086,-1.24333104,-0.964556308,-0.671252866,-0.882343713,-0.57561476,0.4880967554,-1.112328188,-1.812383738,0.9815833219,-0.40852515,-0.549933602,-0.54454411,-1.598354222,-1.569235649,-3.739806433,-0.974845198,71,1
-0.381664081,0.6733401116,0.1267975865,-1.237167947,0.0713578638,-1.760173934,-1.760173934,-0.781248191,1.1234514086,-1.24333104,-0.964556308,-0.671252866,-0.882343713,-0.57561476,0.4880967554,-1.112328188,-1.812383738,0.9815833219,-0.40852515,-0.549933602,-0.54454411,-1.598354222,-1.569235649,-3.722075842,-0.84320317,72,1
0.5308201586,-0.686388092,0.1267975865,-1.237167947,0.0713578638,-1.760173934,-1.760173934,-0.781248191,1.1234514086,-1.24333104,-0.964556308,-0.671252866,-0.882343713,-0.57561476,0.4880967554,-1.112328188,-1.812383738,0.9815833219,-0.40852515,-0.549933602,-0.54454411,-1.598354222,-1.569235649,-3.724398311,-0.963082875,73,1
1.4433043981,-1.082583282,0.1267975865,-1.237167947,0.0713578638,-1.760173934,-1.760173934,-0.781248191,1.1234514086,-1.24333104,-0.964556308,-0.671252866,-0.882343713,-0.57561476,0.4880967554,-1.112328188,-1.812383738,0.9815833219,-0.40852515,-0.549933602,-0.54454411,-1.598354222,-1.569235649,-3.718926598,-0.985201631,74,1
-1.29414832,-0.055727496,-0.928158333,-0.318128901,-1.165511775,-0.286869394,-0.286869394,0.4740455124,-0.325571633,0.1024427136,-0.964556308,-0.671252866,0.580640283,-0.57561476,0.4880967554,-0.194273859,-0.403128345,-0.050058573,0.395748232,-0.492636556,-0.492400955,0.1887012854,-0.042515276,-1.304671947,0.0847059742,75,1
-0.381664081,1.3202592568,-0.928158333,-0.318128901,-1.165511775,-0.286869394,-0.286869394,0.4740455124,-0.325571633,0.1024427136,-0.964556308,-0.671252866,0.580640283,-0.57561476,0.4880967554,-0.194273859,-0.403128345,-0.050058573,0.395748232,-0.492636556,-0.492400955,0.1887012854,-0.042515276,-1.284864752,0.2423944368,76,1
0.5308201586,-0.445932695,-0.928158333,-0.318128901,-1.165511775,-0.286869394,-0.286869394,0.4740455124,-0.325571633,0.1024427136,-0.964556308,-0.671252866,0.580640283,-0.57561476,0.4880967554,-0.194273859,-0.403128345,-0.050058573,0.395748232,-0.492636556,-0.492400955,0.1887012854,-0.042515276,-1.290475176,0.0812745438,77,1
1.4433043981,-1.082583282,-0.928158333,-0.318128901,-1.165511775,-0.286869394,-0.286869394,0.4740455124,-0.325571633,0.1024427136,-0.964556308,-0.671252866,0.580640283,-0.57561476,0.4880967554,-0.194273859,-0.403128345,-0.050058573,0.395748232,-0.492636556,-0.492400955,0.1887012854,-0.042515276,-1.286948548,0.0347589616,78,1
-1.29414832,-0.178950191,1.1817535063,-0.318128901,0.0713578638,-1.023521664,-1.023521664,-0.362816956,-0.325571633,-0.346148538,0.9371281663,1.6488519946,0.1186453368,-1.183370446,0.4880967554,1.6126902167,-1.812383738,1.6693445851,0.1859377845,-0.4265479,-0.433517319,1.7112294876,2.0963683375,-0.867024797,5.1299612046,79,2
-0.381664081,2.5935604313,1.1817535063,-0.318128901,0.0713578638,-1.023521664,-1.023521664,-0.362816956,-0.325571633,-0.346148538,0.9371281663,1.6488519946,0.1186453368,-1.183370446,0.4880967554,1.6126902167,-1.812383738,1.6693445851,0.1859377845,-0.4265479,-0.433517319,1.7112294876,2.0963683375,-0.835920884,5.4293422697,80,2
0.5308201586,-0.507544042,1.1817535063,-0.318128901,0.0713578638,-1.023521664,-1.023521664,-0.362816956,-0.325571633,-0.346148538,0.9371281663,1.6488519946,0.1186453368,-1.183370446,0.4880967554,1.6126902167,-1.812383738,1.6693445851,0.1859377845,-0.4265479,-0.433517319,1.7112294876,2.0963683375,-0.852329642,5.1327809184,81,2
1.4433043981,-0.507544042,1.1817535063,-0.318128901,0.0713578638,-1.023521664,-1.023521664,-0.362816956,-0.325571633,-0.346148538,0.9371281663,1.6488519946,0.1186453368,-1.183370446,0.4880967554,1.6126902167,-1.812383738,1.6693445851,0.1859377845,-0.4265479,-0.433517319,1.7112294876,2.0963683375,-0.843653039,5.1508604932,82,2
-1.29414832,-0.569155389,0.1267975865,0.6009101456,1.3082275027,-1.023521664,-1.023521664,-0.362816956,-0.325571633,-0.45829635,0.9371281663,0.820243116,-1.34433866,0.0321409257,0.4880967554,-0.310852187,-1.107756042,-1.081700468,-0.303619927,-0.374665686,-0.372717967,-0.931649656,-0.558797528,-0.508708165,0.8254769785,83,2
-0.381664081,1.2381107939,0.1267975865,0.6009101456,1.3082275027,-1.023521664,-1.023521664,-0.362816956,-0.325571633,-0.45829635,0.9371281663,0.820243116,-1.34433866,0.0321409257,0.4880967554,-0.310852187,-1.107756042,-1.081700468,-0.303619927,-0.374665686,-0.372717967,-0.931649656,-0.558797528,-0.485412278,1.0269234507,84,2
0.5308201586,-0.651303852,0.1267975865,0.6009101456,1.3082275027,-1.023521664,-1.023521664,-0.362816956,-0.325571633,-0.45829635,0.9371281663,0.820243116,-1.34433866,0.0321409257,0.4880967554,-0.310852187,-1.107756042,-1.081700468,-0.303619927,-0.374665686,-0.372717967,-0.931649656,-0.558797528,-0.492019472,0.8533012692,85,2
1.4433043981,-0.712915199,0.1267975865,0.6009101456,1.3082275027,-1.023521664,-1.023521664,-0.362816956,-0.325571633,-0.45829635,0.9371281663,0.820243116,-1.34433866,0.0321409257,0.4880967554,-0.310852187,-1.107756042,-1.081700468,-0.303619927,-0.374665686,-0.372717967,-0.931649656,-0.558797528,-0.483841253,0.8651296998,86,2
-1.29414832,-0.425395579,0.1267975865,0.6009101456,1.3082275027,-1.023521664,-1.023521664,0.055614278,-0.325571633,-0.009705099,-0.964556308,-0.878405085,-0.805344556,-0.57561476,0.4880967554,1.1900937795,0.3014993508,0.2938220587,1.339895246,-0.307830157,-0.3109797,1.4239600155,0.9531719234,-1.005249423,2.0255165631,87,2
-0.381664081,2.2957722534,0.1267975865,0.6009101456,1.3082275027,-1.023521664,-1.023521664,0.055614278,-0.325571633,-0.009705099,-0.964556308,-0.878405085,-0.805344556,-0.57561476,0.4880967554,1.1900937795,0.3014993508,0.2938220587,1.339895246,-0.307830157,-0.3109797,1.4239600155,0.9531719234,-0.974560831,2.3196883414,88,2
0.5308201586,-0.168681633,0.1267975865,0.6009101456,1.3082275027,-1.023521664,-1.023521664,0.055614278,-0.325571633,-0.009705099,-0.964556308,-0.878405085,-0.805344556,-0.57561476,0.4880967554,1.1900937795,0.3014993508,0.2938220587,1.339895246,-0.307830157,-0.3109797,1.4239600155,0.9531719234,-0.985819614,2.0877221471,89,2
-1.29414832,-0.024921823,1.1817535063,0.6009101456,0.0713578638,0.4497828765,0.4497828765,0.8924767468,1.1234514086,0.9996252159,0.9371281663,0.5716604524,0.6961390195,0.6398966114,0.4880967554,-0.383713642,0.3014993508,0.9815833219,-1.142861717,-0.249773835,-0.248595285,-0.586926289,-0.337533706,1.9005170456,0.0889757556,90,4
-0.381664081,1.1867680046,1.1817535063,0.6009101456,0.0713578638,0.4497828765,0.4497828765,0.8924767468,1.1234514086,0.9996252159,0.9371281663,0.5716604524,0.6961390195,0.6398966114,0.4880967554,-0.383713642,0.3014993508,0.9815833219,-1.142861717,-0.249773835,-0.248595285,-0.586926289,-0.337533706,1.9189952141,0.2299945003,91,4
0.5308201586,-0.897749241,1.1817535063,0.6009101456,0.0713578638,0.4497828765,0.4497828765,0.8924767468,1.1234514086,0.9996252159,0.9371281663,0.5716604524,0.6961390195,0.6398966114,0.4880967554,-0.383713642,0.3014993508,0.9815833219,-1.142861717,-0.249773835,-0.248595285,-0.586926289,-0.337533706,1.9108098026,0.0365770287,92,4
1.4433043981,-0.774526547,1.1817535063,0.6009101456,0.0713578638,0.4497828765,0.4497828765,0.8924767468,1.1234514086,0.9996252159,0.9371281663,0.5716604524,0.6961390195,0.6398966114,0.4880967554,-0.383713642,0.3014993508,0.9815833219,-1.142861717,-0.249773835,-0.248595285,-0.586926289,-0.337533706,1.9204831752,0.067158892,93,4
-1.29414832,0.2317921237,-0.928158333,0.6009101456,-1.165511775,0.4497828765,0.4497828765,0.4740455124,0.3989398879,-0.121852912,-0.964556308,-0.878405085,1.6586284909,0.6398966114,0.4880967554,-0.995749861,-0.403128345,-0.393939205,0.2908430082,-0.192930838,-0.191309112,-0.242202923,-0.470291999,-0.445861709,-1.395257379,94,1
-0.381664081,0.7554885745,-0.928158333,0.6009101456,-1.165511775,0.4497828765,0.4497828765,0.4740455124,0.3989398879,-0.121852912,-0.964556308,-0.878405085,1.6586284909,0.6398966114,0.4880967554,-0.995749861,-0.403128345,-0.393939205,0.2908430082,-0.192930838,-0.191309112,-0.242202923,-0.470291999,-0.432948836,-1.324043078,95,1
0.5308201586,-0.476738369,-0.928158333,0.6009101456,-1.165511775,0.4497828765,0.4497828765,0.4740455124,0.3989398879,-0.121852912,-0.964556308,-0.878405085,1.6586284909,0.6398966114,0.4880967554,-0.995749861,-0.403128345,-0.393939205,0.2908430082,-0.192930838,-0.191309112,-0.242202923,-0.470291999,-0.434239927,-1.430986388,96,1
-1.29414832,-0.127607401,0.1267975865,0.6009101456,1.3082275027,0.4497828765,0.4497828765,0.4740455124,-1.050083153,0.1024427136,-0.013714071,1.8145737704,0.311143231,1.2476522971,-0.914072106,0.5780575602,-0.403128345,-0.393939205,-0.338588334,-0.127360308,-0.130711595,0.5477881255,1.0048001485,2.0172755483,1.8280404703,97,2
-0.381664081,1.8644928233,0.1267975865,0.6009101456,1.3082275027,0.4497828765,0.4497828765,0.4740455124,-1.050083153,0.1024427136,-0.013714071,1.8145737704,0.311143231,1.2476522971,-0.914072106,0.5780575602,-0.403128345,-0.393939205,-0.338588334,-0.127360308,-0.130711595,0.5477881255,1.0048001485,2.0420665893,2.0482403752,98,2
0.5308201586,-0.66157241,0.1267975865,0.6009101456,1.3082275027,0.4497828765,0.4497828765,0.4740455124,-1.050083153,0.1024427136,-0.013714071,1.8145737704,0.311143231,1.2476522971,-0.914072106,0.5780575602,-0.403128345,-0.393939205,-0.338588334,-0.127360308,-0.130711595,0.5477881255,1.0048001485,2.030309421,1.8100230367,99,2
1.4433043981,-0.466469811,0.1267975865,0.6009101456,1.3082275027,0.4497828765,0.4497828765,0.4740455124,-1.050083153,0.1024427136,-0.013714071,1.8145737704,0.311143231,1.2476522971,-0.914072106,0.5780575602,-0.403128345,-0.393939205,-0.338588334,-0.127360308,-0.130711595,0.5477881255,1.0048001485,2.0405642424,1.8478979016,100,2
-1.29414832,0.2728663551,-0.928158333,-1.237167947,0.0713578638,0.4497828765,0.4497828765,-0.362816956,-0.325571633,-0.682591976,-0.013714071,0.0330646812,1.8126268063,0.0321409257,0.4880967554,-0.398285933,0.3014993508,-1.769461731,-1.317703756,-0.070232755,-0.069498239,-0.258481526,-0.212150873,-0.148832589,-0.420961281,101,1
-0.381664081,1.1751303057,-0.928158333,-1.237167947,0.0713578638,0.4497828765,0.4497828765,-0.362816956,-0.325571633,-0.682591976,-0.013714071,0.0330646812,1.8126268063,0.0321409257,0.4880967554,-0.398285933,0.3014993508,-1.769461731,-1.317703756,-0.070232755,-0.069498239,-0.258481526,-0.212150873,-0.132857419,-0.311337172,102,1
0.5308201586,-0.94909203,-0.928158333,-1.237167947,0.0713578638,0.4497828765,0.4497828765,-0.362816956,-0.325571633,-0.682591976,-0.013714071,0.0330646812,1.8126268063,0.0321409257,0.4880967554,-0.398285933,0.3014993508,-1.769461731,-1.317703756,-0.070232755,-0.069498239,-0.258481526,-0.212150873,-0.141364011,-0.508783159,103,1
1.4433043981,-0.908017799,-0.928158333,-1.237167947,0.0713578638,0.4497828765,0.4497828765,-0.362816956,-0.325571633,-0.682591976,-0.013714071,0.0330646812,1.8126268063,0.0321409257,0.4880967554,-0.398285933,0.3014993508,-1.769461731,-1.317703756,-0.070232755,-0.069498239,-0.258481526,-0.212150873,-0.132355152,-0.486536154,104,1
-1.29414832,-0.394589906,1.1817535063,-1.237167947,1.3082275027,-1.023521664,-1.023521664,-0.990463808,-1.050083153,-1.019035414,-0.013714071,-0.422670202,-0.689845819,-0.57561476,-0.914072106,0.9132202517,-0.403128345,-2.457222994,-0.40852515,-0.011158095,-0.012094271,0.4759707575,0.2820049963,-1.200837458,1.7064278816,105,2
-0.381664081,2.1006696541,1.1817535063,-1.237167947,1.3082275027,-1.023521664,-1.023521664,-0.990463808,-1.050083153,-1.019035414,-0.013714071,-0.422670202,-0.689845819,-0.57561476,-0.914072106,0.9132202517,-0.403128345,-2.457222994,-0.40852515,-0.011158095,-0.012094271,0.4759707575,0.2820049963,-1.171976276,1.9776787977,106,2
0.5308201586,-0.682109526,1.1817535063,-1.237167947,1.3082275027,-1.023521664,-1.023521664,-0.990463808,-1.050083153,-1.019035414,-0.013714071,-0.422670202,-0.689845819,-0.57561476,-0.914072106,0.9132202517,-0.403128345,-2.457222994,-0.40852515,-0.011158095,-0.012094271,0.4759707575,0.2820049963,-1.185810047,1.7134150249,107,2
1.4433043981,-1.020971935,1.1817535063,-1.237167947,1.3082275027,-1.023521664,-1.023521664,-0.990463808,-1.050083153,-1.019035414,-0.013714071,-0.422670202,-0.689845819,-0.57561476,-0.914072106,0.9132202517,-0.403128345,-2.457222994,-0.40852515,-0.011158095,-0.012094271,0.4759707575,0.2820049963,-1.17987456,1.6971133065,108,2
-1.29414832,-0.558886832,0.1267975865,-0.318128901,0.0713578638,0.4497828765,0.4497828765,-0.362816956,-1.774594674,0.1024427136,0.9371281663,1.0273953356,-1.305839081,0.6398966114,0.4880967554,-1.185189643,0.3014993508,-0.737819836,1.4098320618,0.1057310482,0.1077884861,-1.075284392,-0.617801214,0.4832996077,-0.723002916,109,1
-0.381664081,0.6219973223,0.1267975865,-0.318128901,0.0713578638,0.4497828765,0.4497828765,-0.362816956,-1.774594674,0.1024427136,0.9371281663,1.0273953356,-1.305839081,0.6398966114,0.4880967554,-1.185189643,0.3014993508,-0.737819836,1.4098320618,0.1057310482,0.1077884861,-1.075284392,-0.617801214,0.5015285839,-0.585109743,110,1
0.5308201586,-0.148144517,0.1267975865,-0.318128901,0.0713578638,0.4497828765,0.4497828765,-0.362816956,-1.774594674,0.1024427136,0.9371281663,1.0273953356,-1.305839081,0.6398966114,0.4880967554,-1.185189643,0.3014993508,-0.737819836,1.4098320618,0.1057310482,0.1077884861,-1.075284392,-0.617801214,0.5039753788,-0.645169471,111,1
1.4433043981,-0.66157241,0.1267975865,-0.318128901,0.0713578638,0.4497828765,0.4497828765,-0.362816956,-1.774594674,0.1024427136,0.9371281663,1.0273953356,-1.305839081,0.6398966114,0.4880967554,-1.185189643,0.3014993508,-0.737819836,1.4098320618,0.1057310482,0.1077884861,-1.075284392,-0.617801214,0.5084987764,-0.679182765,112,1
-1.29414832,-0.168681633,0.1267975865,0.6009101456,0.0713578638,0.4497828765,0.4497828765,-0.572032574,1.1234514086,-0.346148538,-0.964556308,-0.878405085,0.1571449156,-0.57561476,0.4880967554,-1.330912552,0.3014993508,1.3254639535,0.2209061924,0.1671372764,0.1713315621,-1.161465233,-1.259466298,-0.981588767,-2.346609966,113,1
-0.381664081,0.5193117437,0.1267975865,0.6009101456,0.0713578638,0.4497828765,0.4497828765,-0.572032574,1.1234514086,-0.346148538,-0.964556308,-0.878405085,0.1571449156,-0.57561476,0.4880967554,-1.330912552,0.3014993508,1.3254639535,0.2209061924,0.1671372764,0.1713315621,-1.161465233,-1.259466298,-0.967346869,-2.258725947,114,1
0.5308201586,-0.497275484,0.1267975865,0.6009101456,0.0713578638,0.4497828765,0.4497828765,-0.572032574,1.1234514086,-0.346148538,-0.964556308,-0.878405085,0.1571449156,-0.57561476,0.4880967554,-1.330912552,0.3014993508,1.3254639535,0.2209061924,0.1671372764,0.1713315621,-1.161465233,-1.259466298,-0.966893612,-2.343790252,115,1
-1.29414832,0.1701807765,0.1267975865,0.6009101456,0.0713578638,-0.286869394,-0.286869394,0.2648298952,-2.499106195,-0.009705099,1.8879704032,0.9445344478,1.4276310177,0.0321409257,0.4880967554,0.8257865061,0.3014993508,-1.081700468,-0.40852515,0.2331404971,0.2287658397,1.1797809642,1.2850676565,1.4008305702,2.8752899397,116,2
-0.381664081,2.0390583069,0.1267975865,0.6009101456,0.0713578638,-0.286869394,-0.286869394,0.2648298952,-2.499106195,-0.009705099,1.8879704032,0.9445344478,1.4276310177,0.0321409257,0.4880967554,0.8257865061,0.3014993508,-1.081700468,-0.40852515,0.2331404971,0.2287658397,1.1797809642,1.2850676565,1.4246248419,3.0829875561,117,2
0.5308201586,-0.682109526,0.1267975865,0.6009101456,0.0713578638,-0.286869394,-0.286869394,0.2648298952,-2.499106195,-0.009705099,1.8879704032,0.9445344478,1.4276310177,0.0321409257,0.4880967554,0.8257865061,0.3014993508,-1.081700468,-0.40852515,0.2331404971,0.2287658397,1.1797809642,1.2850676565,1.4112894555,2.8249749275,118,2
1.4433043981,-0.682109526,0.1267975865,0.6009101456,0.0713578638,-0.286869394,-0.286869394,0.2648298952,-2.499106195,-0.009705099,1.8879704032,0.9445344478,1.4276310177,0.0321409257,0.4880967554,0.8257865061,0.3014993508,-1.081700468,-0.40852515,0.2331404971,0.2287658397,1.1797809642,1.2850676565,1.4199660587,2.8430545024,119,2
-1.29414832,-0.004384707,-0.928158333,1.5199491917,0.0713578638,1.9230874167,1.9230874167,0.4740455124,-1.050083153,1.5603642799,-0.964556308,-0.878405085,0.7731381772,1.8554079828,-2.316240966,-1.680647535,1.006127047,-0.050058573,-1.142861717,0.277223257,0.2833647752,-1.845884751,-1.842127696,2.8102106314,-4.494386075,120,4
-0.381664081,0.2728663551,-0.928158333,1.5199491917,0.0713578638,1.9230874167,1.9230874167,0.4740455124,-1.050083153,1.5603642799,-0.964556308,-0.878405085,0.7731381772,1.8554079828,-2.316240966,-1.680647535,1.006127047,-0.050058573,-1.142861717,0.277223257,0.2833647752,-1.845884751,-1.842127696,2.8211299657,-4.448176351,121,4
0.5308201586,-0.904423804,-0.928158333,1.5199491917,0.0713578638,1.9230874167,1.9230874167,0.4740455124,-1.050083153,1.5603642799,-0.964556308,-0.878405085,0.7731381772,1.8554079828,-2.316240966,-1.680647535,1.006127047,-0.050058573,-1.142861717,0.277223257,0.2833647752,-1.845884751,-1.842127696,2.8202832685,-4.549545724,122,4
-1.29414832,-0.261098654,0.1267975865,-1.237167947,1.3082275027,-0.286869394,-0.286869394,0.055614278,-1.050083153,-0.121852912,-0.013714071,-0.215517982,-0.189351294,0.6398966114,-3.718409827,-0.339996769,0.3014993508,-0.737819836,1.0601479826,0.343434555,0.3435014452,0.0307030758,-0.042515276,0.1202277596,-0.441337472,123,4
-0.381664081,1.2175736782,0.1267975865,-1.237167947,1.3082275027,-0.286869394,-0.286869394,0.055614278,-1.050083153,-0.121852912,-0.013714071,-0.215517982,-0.189351294,0.6398966114,-3.718409827,-0.339996769,0.3014993508,-0.737819836,1.0601479826,0.343434555,0.3435014452,0.0307030758,-0.042515276,0.140865595,-0.273230436,124,4
0.5308201586,-0.250830096,0.1267975865,-1.237167947,1.3082275027,-0.286869394,-0.286869394,0.055614278,-1.050083153,-0.121852912,-0.013714071,-0.215517982,-0.189351294,0.6398966114,-3.718409827,-0.339996769,0.3014993508,-0.737819836,1.0601479826,0.343434555,0.3435014452,0.0307030758,-0.042515276,0.1376640303,-0.404136465,125,4
1.4433043981,-0.969629146,0.1267975865,-1.237167947,1.3082275027,-0.286869394,-0.286869394,0.055614278,-1.050083153,-0.121852912,-0.013714071,-0.215517982,-0.189351294,0.6398966114,-3.718409827,-0.339996769,0.3014993508,-0.737819836,1.0601479826,0.343434555,0.3435014452,0.0307030758,-0.042515276,0.1405261457,-0.458986906,126,4
-1.29414832,-0.599961063,2.2367094261,1.5199491917,2.5450971416,2.6597396868,2.6597396868,2.5662016843,-0.325571633,3.4668770973,2.8388126402,1.8974346582,-1.459837396,1.2476522971,0.4880967554,0.3157563233,2.4153824394,-1.425581099,-0.443493558,0.40697392,0.4062013583,-0.414564606,0.208250389,7.4561897575,0.5102256205,127,3
-0.381664081,1.6796587818,2.2367094261,1.5199491917,2.5450971416,2.6597396868,2.6597396868,2.5662016843,-0.325571633,3.4668770973,2.8388126402,1.8974346582,-1.459837396,1.2476522971,0.4880967554,0.3157563233,2.4153824394,-1.425581099,-0.443493558,0.40697392,0.4062013583,-0.414564606,0.208250389,7.4833065937,0.7595975318,128,3
0.5308201586,-0.692378084,2.2367094261,1.5199491917,2.5450971416,2.6597396868,2.6597396868,2.5662016843,-0.325571633,3.4668770973,2.8388126402,1.8974346582,-1.459837396,1.2476522971,0.4880967554,0.3157563233,2.4153824394,-1.425581099,-0.443493558,0.40697392,0.4062013583,-0.414564606,0.208250389,7.4727953871,0.5370080538,129,3
1.4433043981,-0.445932695,2.2367094261,1.5199491917,2.5450971416,2.6597396868,2.6597396868,2.5662016843,-0.325571633,3.4668770973,2.8388126402,1.8974346582,-1.459837396,1.2476522971,0.4880967554,0.3157563233,2.4153824394,-1.425581099,-0.443493558,0.40697392,0.4062013583,-0.414564606,0.208250389,7.483465529,0.5800922055,130,3
-1.29414832,0.0161524086,1.1817535063,1.5199491917,1.3082275027,2.6597396868,2.6597396868,0.8924767468,-0.325571633,-0.009705099,-0.964556308,-0.878405085,0.8501373349,1.2476522971,-0.914072106,0.6509190149,1.7107547432,0.6377026903,-1.702356244,0.4661794897,0.4662216112,0.2605186534,-0.042515276,3.8315507841,-1.283603234,131,4
-0.381664081,1.9158356126,1.1817535063,1.5199491917,1.3082275027,2.6597396868,2.6597396868,0.8924767468,-0.325571633,-0.009705099,-0.964556308,-0.878405085,0.8501373349,1.2476522971,-0.914072106,0.6509190149,1.7107547432,0.6377026903,-1.702356244,0.4661794897,0.4662216112,0.2605186534,-0.042515276,3.8555942481,-1.072780046,132,4
0.5308201586,-1.062046167,1.1817535063,1.5199491917,1.3082275027,2.6597396868,2.6597396868,0.8924767468,-0.325571633,-0.009705099,-0.964556308,-0.878405085,0.8501373349,1.2476522971,-0.914072106,0.6509190149,1.7107547432,0.6377026903,-1.702356244,0.4661794897,0.4662216112,0.2605186534,-0.042515276,3.8401822589,-1.356839109,133,4
-1.29414832,-0.261098654,0.1267975865,0.6009101456,1.3082275027,1.9230874167,1.9230874167,1.3109079811,0.3989398879,1.3360686543,-0.964556308,-0.588391978,-0.189351294,1.2476522971,0.4880967554,-0.150556987,2.4153824394,-0.737819836,-1.59745102,0.5214439927,0.5244508317,-0.874195761,-0.927570564,3.4361309859,-2.663112688,134,4
-0.381664081,1.3510649303,0.1267975865,0.6009101456,1.3082275027,1.9230874167,1.9230874167,1.3109079811,0.3989398879,1.3360686543,-0.964556308,-0.588391978,-0.189351294,1.2476522971,0.4880967554,-0.150556987,2.4153824394,-0.737819836,-1.59745102,0.5214439927,0.5244508317,-0.874195761,-0.927570564,3.4578486548,-2.481461506,135,4
0.5308201586,-1.031240493,0.1267975865,0.6009101456,1.3082275027,1.9230874167,1.9230874167,1.3109079811,0.3989398879,1.3360686543,-0.964556308,-0.588391978,-0.189351294,1.2476522971,0.4880967554,-0.150556987,2.4153824394,-0.737819836,-1.59745102,0.5214439927,0.5244508317,-0.874195761,-0.927570564,3.4472543841,-2.705092841,136,4
1.4433043981,-1.062046167,0.1267975865,0.6009101456,1.3082275027,1.9230874167,1.9230874167,1.3109079811,0.3989398879,1.3360686543,-0.964556308,-0.588391978,-0.189351294,1.2476522971,0.4880967554,-0.150556987,2.4153824394,-0.737819836,-1.59745102,0.5214439927,0.5244508317,-0.874195761,-0.927570564,3.455681795,-2.690138838,137,4
-1.29414832,-0.404858464,0.1267975865,-0.318128901,0.0713578638,-1.023521664,-1.023521664,0.2648298952,0.3989398879,-0.234000725,-0.013714071,-0.464100646,-0.728345398,1.2476522971,0.4880967554,0.0097382137,0.3014993508,0.6377026903,0.1859377845,0.5895197184,0.590404913,-0.184749028,-0.300656402,-0.618174932,-0.333629752,138,1
-0.381664081,1.4640190668,0.1267975865,-0.318128901,0.0713578638,-1.023521664,-1.023521664,0.2648298952,0.3989398879,-0.234000725,-0.013714071,-0.464100646,-0.728345398,1.2476522971,0.4880967554,0.0097382137,0.3014993508,0.6377026903,0.1859377845,0.5895197184,0.590404913,-0.184749028,-0.300656402,-0.59438066,-0.125932136,139,1
0.5308201586,-0.507544042,0.1267975865,-0.318128901,0.0713578638,-1.023521664,-1.023521664,0.2648298952,0.3989398879,-0.234000725,-0.013714071,-0.464100646,-0.728345398,1.2476522971,0.4880967554,0.0097382137,0.3014993508,0.6377026903,0.1859377845,0.5895197184,0.590404913,-0.184749028,-0.300656402,-0.601652366,-0.307889176,140,1
1.4433043981,-1.031240493,0.1267975865,-0.318128901,0.0713578638,-1.023521664,-1.023521664,0.2648298952,0.3989398879,-0.234000725,-0.013714071,-0.464100646,-0.728345398,1.2476522971,0.4880967554,0.0097382137,0.3014993508,0.6377026903,0.1859377845,0.5895197184,0.590404913,-0.184749028,-0.300656402,-0.597212033,-0.342944327,141,1
-1.29414832,-0.466469811,0.1267975865,1.5199491917,-1.165511775,0.4497828765,0.4497828765,0.4740455124,0.3989398879,0.2145905264,-0.964556308,-0.878405085,-0.959342871,1.2476522971,-2.316240966,0.621774433,0.3014993508,1.3254639535,0.1160009686,0.6480169984,0.6478984324,0.3036090743,-0.005637972,0.8984778577,-0.892836874,142,4
-0.381664081,1.8952984969,0.1267975865,1.5199491917,-1.165511775,0.4497828765,0.4497828765,0.4740455124,0.3989398879,0.2145905264,-0.964556308,-0.878405085,-0.959342871,1.2476522971,-2.316240966,0.621774433,0.3014993508,1.3254639535,0.1160009686,0.6480169984,0.6478984324,0.3036090743,-0.005637972,0.9262592068,-0.635130104,143,4
0.5308201586,-0.528081158,0.1267975865,1.5199491917,-1.165511775,0.4497828765,0.4497828765,0.4740455124,0.3989398879,0.2145905264,-0.964556308,-0.878405085,-0.959342871,1.2476522971,-2.316240966,0.621774433,0.3014993508,1.3254639535,0.1160009686,0.6480169984,0.6478984324,0.3036090743,-0.005637972,0.9153326796,-0.862928868,144,4
-1.29414832,0.0777637558,-0.928158333,-0.318128901,-1.165511775,-1.760173934,-1.760173934,-1.199679425,1.1234514086,-0.570444163,-0.964556308,-0.878405085,1.0811348081,-1.791126131,0.4880967554,-0.879171533,-1.107756042,0.2938220587,-0.58336719,0.7046973917,0.7074743716,-0.706621903,-0.868566879,-3.799674842,-1.006025068,145,1
-0.381664081,0.8376370374,-0.928158333,-0.318128901,-1.165511775,-1.760173934,-1.760173934,-1.199679425,1.1234514086,-0.570444163,-0.964556308,-0.878405085,1.0811348081,-1.791126131,0.4880967554,-0.879171533,-1.107756042,0.2938220587,-0.58336719,0.7046973917,0.7074743716,-0.706621903,-0.868566879,-3.784851494,-0.910848048,146,1
0.5308201586,-0.736875168,-0.928158333,-0.318128901,-1.165511775,-1.760173934,-1.760173934,-1.199679425,1.1234514086,-0.570444163,-0.964556308,-0.878405085,1.0811348081,-1.791126131,0.4880967554,-0.879171533,-1.107756042,0.2938220587,-0.58336719,0.7046973917,0.7074743716,-0.706621903,-0.868566879,-3.788911388,-1.052519937,147,1
-1.29414832,0.1599122186,-1.983114253,-1.237167947,-1.165511775,0.4497828765,0.4497828765,-0.153601339,1.1234514086,-0.121852912,-0.964556308,-0.671252866,1.3891314389,-0.57561476,0.4880967554,-2.205250009,1.006127047,-0.737819836,0.5006534558,0.7564548966,0.7611502365,-1.448734706,-1.443852816,-1.576782018,-3.834482452,148,1
-0.381664081,-0.096801728,-1.983114253,-1.237167947,-1.165511775,0.4497828765,0.4497828765,-0.153601339,1.1234514086,-0.121852912,-0.964556308,-0.671252866,1.3891314389,-0.57561476,0.4880967554,-2.205250009,1.006127047,-0.737819836,0.5006534558,0.7564548966,0.7611502365,-1.448734706,-1.443852816,-1.570182018,-3.842449312,149,1
0.5308201586,-0.415127021,-1.983114253,-1.237167947,-1.165511775,0.4497828765,0.4497828765,-0.153601339,1.1234514086,-0.121852912,-0.964556308,-0.671252866,1.3891314389,-0.57561476,0.4880967554,-2.205250009,1.006127047,-0.737819836,0.5006534558,0.7564548966,0.7611502365,-1.448734706,-1.443852816,-1.564080402,-3.856667315,150,1
1.4433043981,-1.082583282,-1.983114253,-1.237167947,-1.165511775,0.4497828765,0.4497828765,-0.153601339,1.1234514086,-0.121852912,-0.964556308,-0.671252866,1.3891314389,-0.57561476,0.4880967554,-2.205250009,1.006127047,-0.737819836,0.5006534558,0.7564548966,0.7611502365,-1.448734706,-1.443852816,-1.560802966,-3.90630847,151,1
-1.29414832,0.4782375123,0.1267975865,0.6009101456,-1.165511775,0.4497828765,0.4497828765,0.4740455124,1.1234514086,0.438886152,0.9371281663,1.6074215507,2.5826183833,0.6398966114,0.4880967554,1.0589431611,0.3014993508,-0.737819836,-0.58336719,0.8251665671,0.8183165481,1.768683382,1.9857364265,1.8657842977,2.6297775874,152,2
-0.381664081,2.2033552327,0.1267975865,0.6009101456,-1.165511775,0.4497828765,0.4497828765,0.4740455124,1.1234514086,0.438886152,0.9371281663,1.6074215507,2.5826183833,0.6398966114,0.4880967554,1.0589431611,0.3014993508,-0.737819836,-0.58336719,0.8251665671,0.8183165481,1.768683382,1.9857364265,1.8884156718,2.8228892006,153,2
0.5308201586,-0.733452315,0.1267975865,0.6009101456,-1.165511775,0.4497828765,0.4497828765,0.4740455124,1.1234514086,0.438886152,0.9371281663,1.6074215507,2.5826183833,0.6398966114,0.4880967554,1.0589431611,0.3014993508,-0.737819836,-0.58336719,0.8251665671,0.8183165481,1.768683382,1.9857364265,1.873335939,2.5429975672,154,2
1.4433043981,-0.5178126,0.1267975865,0.6009101456,-1.165511775,0.4497828765,0.4497828765,0.4740455124,1.1234514086,0.438886152,0.9371281663,1.6074215507,2.5826183833,0.6398966114,0.4880967554,1.0589431611,0.3014993508,-0.737819836,-0.58336719,0.8251665671,0.8183165481,1.768683382,1.9857364265,1.8837568887,2.5829561468,155,2
-1.29414832,0.0983008715,0.1267975865,-0.318128901,-1.165511775,0.4497828765,0.4497828765,-0.781248191,0.3989398879,-0.794739789,-0.013714071,-0.422670202,1.1581339658,0.0321409257,0.4880967554,-0.20884615,0.3014993508,1.3254639535,0.2908430082,0.8803332324,0.879589146,0.3466994951,0.1713730853,-0.764401124,-0.417221062,156,1
-0.381664081,1.3099906989,0.1267975865,-0.318128901,-1.165511775,0.4497828765,0.4497828765,-0.781248191,0.3989398879,-0.794739789,-0.013714071,-0.422670202,1.1581339658,0.0321409257,0.4880967554,-0.20884615,0.3014993508,1.3254639535,0.2908430082,0.8803332324,0.879589146,0.3466994951,0.1713730853,-0.745922956,-0.276202317,157,1
0.5308201586,-0.476738369,0.1267975865,-0.318128901,-1.165511775,0.4497828765,0.4497828765,-0.781248191,0.3989398879,-0.794739789,-0.013714071,-0.422670202,1.1581339658,0.0321409257,0.4880967554,-0.20884615,0.3014993508,1.3254639535,0.2908430082,0.8803332324,0.879589146,0.3466994951,0.1713730853,-0.751699508,-0.439405925,158,1
1.4433043981,-1.020971935,0.1267975865,-0.318128901,-1.165511775,0.4497828765,0.4497828765,-0.781248191,0.3989398879,-0.794739789,-0.013714071,-0.422670202,1.1581339658,0.0321409257,0.4880967554,-0.20884615,0.3014993508,1.3254639535,0.2908430082,0.8803332324,0.879589146,0.3466994951,0.1713730853,-0.747425302,-0.476544791,159,1
-1.29414832,-0.117338844,0.1267975865,0.6009101456,-1.165511775,1.1864351466,1.1864351466,2.1477704499,0.3989398879,2.9061380334,-0.013714071,1.0688257796,0.3496428099,1.2476522971,-2.316240966,0.1117442502,0.3014993508,0.6377026903,-0.548398782,0.9422885918,0.9409946937,0.0163396021,0.3262577608,3.5743374147,-0.550222094,160,4
-0.381664081,1.5358989718,0.1267975865,0.6009101456,-1.165511775,1.1864351466,1.1864351466,2.1477704499,0.3989398879,2.9061380334,-0.013714071,1.0688257796,0.3496428099,1.2476522971,-2.316240966,0.1117442502,0.3014993508,0.6377026903,-0.548398782,0.9422885918,0.9409946937,0.0163396021,0.3262577608,3.59638734,-0.364403482,161,4
0.5308201586,-0.723183757,0.1267975865,0.6009101456,-1.165511775,1.1864351466,1.1864351466,2.1477704499,0.3989398879,2.9061380334,-0.013714071,1.0688257796,0.3496428099,1.2476522971,-2.316240966,0.1117442502,0.3014993508,0.6377026903,-0.548398782,0.9422885918,0.9409946937,0.0163396021,0.3262577608,3.5867898387,-0.575532529,162,4
1.4433043981,-0.651303852,0.1267975865,0.6009101456,-1.165511775,1.1864351466,1.1864351466,2.1477704499,0.3989398879,2.9061380334,-0.013714071,1.0688257796,0.3496428099,1.2476522971,-2.316240966,0.1117442502,0.3014993508,0.6377026903,-0.548398782,0.9422885918,0.9409946937,0.0163396021,0.3262577608,3.5960478907,-0.550159953,163,4
-1.29414832,-0.148144517,0.1267975865,0.6009101456,-1.165511775,1.1864351466,1.1864351466,1.5201235983,1.1234514086,0.7753295904,-0.013714071,-0.546961534,0.2341440733,1.2476522971,0.4880967554,0.7820696333,0.3014993508,2.3571058484,0.3607798241,1.0041337116,1.0015873882,1.0074192809,0.6950307976,1.696958877,0.0278523738,164,4
-0.381664081,2.0082526333,0.1267975865,0.6009101456,-1.165511775,1.1864351466,1.1864351466,1.5201235983,1.1234514086,0.7753295904,-0.013714071,-0.546961534,0.2341440733,1.2476522971,0.4880967554,0.7820696333,0.3014993508,2.3571058484,0.3607798241,1.0041337116,1.0015873882,1.0074192809,0.6950307976,1.7230789438,0.2647219967,165,4
0.5308201586,-0.456201253,0.1267975865,0.6009101456,-1.165511775,1.1864351466,1.1864351466,1.5201235983,1.1234514086,0.7753295904,-0.013714071,-0.546961534,0.2341440733,1.2476522971,0.4880967554,0.7820696333,0.3014993508,2.3571058484,0.3607798241,1.0041337116,1.0015873882,1.0074192809,0.6950307976,1.7118201602,0.0327558023,166,4
1.4433043981,-1.051777609,0.1267975865,0.6009101456,-1.165511775,1.1864351466,1.1864351466,1.5201235983,1.1234514086,0.7753295904,-0.013714071,-0.546961534,0.2341440733,1.2476522971,0.4880967554,0.7820696333,0.3014993508,2.3571058484,0.3607798241,1.0041337116,1.0015873882,1.0074192809,0.6950307976,1.7156790449,-0.00959235,167,4
-1.29414832,-0.220024422,0.1267975865,-0.318128901,-1.165511775,-0.286869394,-0.286869394,1.101692364,1.8479629292,-0.682591976,-0.013714071,-0.132657095,-0.035352979,-1.183370446,0.4880967554,1.991569781,-0.403128345,-0.393939205,-1.947135099,1.0650032106,1.061617974,1.151054017,0.9457964626,-0.249291111,1.9419420858,168,2
-0.381664081,2.8605429357,0.1267975865,-0.318128901,-1.165511775,-0.286869394,-0.286869394,1.101692364,1.8479629292,-0.682591976,-0.013714071,-0.132657095,-0.035352979,-1.183370446,0.4880967554,1.991569781,-0.403128345,-0.393939205,-1.947135099,1.0650032106,1.061617974,1.151054017,0.9457964626,-0.215695274,2.2725788721,169,2
1.4433043981,-0.94909203,0.1267975865,-0.318128901,-1.165511775,-0.286869394,-0.286869394,1.101692364,1.8479629292,-0.682591976,-0.013714071,-0.132657095,-0.035352979,-1.183370446,0.4880967554,1.991569781,-0.403128345,-0.393939205,-1.947135099,1.0650032106,1.061617974,1.151054017,0.9457964626,-0.229158853,1.9222089369,170,2
-1.29414832,-0.579423947,0.1267975865,-1.237167947,-1.165511775,0.4497828765,0.4497828765,0.4740455124,1.8479629292,0.3267383392,-0.013714071,-0.50553109,-1.382838238,-0.57561476,0.4880967554,1.3503889798,-0.403128345,0.9815833219,-1.492545796,1.1206191025,1.1203486836,0.1939678924,0.0164884098,-0.152918324,0.1466332768,171,1
-0.381664081,2.4022229699,0.1267975865,-1.237167947,-1.165511775,0.4497828765,0.4497828765,0.4740455124,1.8479629292,0.3267383392,-0.013714071,-0.50553109,-1.382838238,-0.57561476,0.4880967554,1.3503889798,-0.403128345,0.9815833219,-1.492545796,1.1206191025,1.1203486836,0.1939678924,0.0164884098,-0.120122672,0.4672335037,172,1
0.5308201586,-1.000434819,0.1267975865,-1.237167947,-1.165511775,0.4497828765,0.4497828765,0.4740455124,1.8479629292,0.3267383392,-0.013714071,-0.50553109,-1.382838238,-0.57561476,0.4880967554,1.3503889798,-0.403128345,0.9815833219,-1.492545796,1.1206191025,1.1203486836,0.1939678924,0.0164884098,-0.138970746,0.1400762742,173,1
1.4433043981,-1.041509051,0.1267975865,-1.237167947,-1.165511775,0.4497828765,0.4497828765,0.4740455124,1.8479629292,0.3267383392,-0.013714071,-0.50553109,-1.382838238,-0.57561476,0.4880967554,1.3503889798,-0.403128345,0.9815833219,-1.492545796,1.1206191025,1.1203486836,0.1939678924,0.0164884098,-0.130626399,0.1539884196,174,1
-1.29414832,-0.220024422,-0.928158333,-0.318128901,0.0713578638,-0.286869394,-0.286869394,-0.990463808,-1.050083153,-1.019035414,-0.013714071,-0.256948426,-0.035352979,0.0321409257,0.4880967554,0.854931088,0.3014993508,-0.393939205,0.9202743509,1.1803600233,1.1769101773,1.2085079114,0.9531719234,-1.064985434,0.9687845916,175,1
-0.381664081,2.0595954226,-0.928158333,-0.318128901,0.0713578638,-0.286869394,-0.286869394,-0.990463808,-1.050083153,-1.019035414,-0.013714071,-0.256948426,-0.035352979,0.0321409257,0.4880967554,0.854931088,0.3014993508,-0.393939205,0.9202743509,1.1803600233,1.1769101773,1.2085079114,0.9531719234,-1.037868598,1.2181565029,176,2
0.5308201586,-0.291904327,-0.928158333,-0.318128901,0.0713578638,-0.286869394,-0.286869394,-0.990463808,-1.050083153,-1.019035414,-0.013714071,-0.256948426,-0.035352979,0.0321409257,0.4880967554,0.854931088,0.3014993508,-0.393939205,0.9202743509,1.1803600233,1.1769101773,1.2085079114,0.9531719234,-1.048213677,0.9976507397,177,1
1.4433043981,-0.979897704,-0.928158333,-0.318128901,0.0713578638,-0.286869394,-0.286869394,-0.990463808,-1.050083153,-1.019035414,-0.013714071,-0.256948426,-0.035352979,0.0321409257,0.4880967554,0.854931088,0.3014993508,-0.393939205,0.9202743509,1.1803600233,1.1769101773,1.2085079114,0.9531719234,-1.045102369,0.9459258706,178,1
-1.29414832,-0.343247116,0.1267975865,0.6009101456,0.0713578638,1.9230874167,1.9230874167,1.7293392155,-1.774594674,2.4575467822,0.9371281663,0.0330646812,-0.497347925,1.2476522971,0.4880967554,-0.51486426,-0.403128345,-0.050058573,-1.212798533,1.2343230097,1.2374753174,-1.190192181,-1.008700633,3.6498619696,-1.929029251,179,4
-0.381664081,1.0943509838,0.1267975865,0.6009101456,0.0713578638,1.9230874167,1.9230874167,1.7293392155,-1.774594674,2.4575467822,0.9371281663,0.0330646812,-0.497347925,1.2476522971,0.4880967554,-0.51486426,-0.403128345,-0.050058573,-1.212798533,1.2343230097,1.2374753174,-1.190192181,-1.008700633,3.6701675486,-1.765089644,180,4
0.5308201586,-0.918286357,0.1267975865,0.6009101456,0.0713578638,1.9230874167,1.9230874167,1.7293392155,-1.774594674,2.4575467822,0.9371281663,0.0330646812,-0.497347925,1.2476522971,0.4880967554,-0.51486426,-0.403128345,-0.050058573,-1.212798533,1.2343230097,1.2374753174,-1.190192181,-1.008700633,3.6625635859,-1.951214114,181,4
1.4433043981,-0.908017799,0.1267975865,0.6009101456,0.0713578638,1.9230874167,1.9230874167,1.7293392155,-1.774594674,2.4575467822,0.9371281663,0.0330646812,-0.497347925,1.2476522971,0.4880967554,-0.51486426,-0.403128345,-0.050058573,-1.212798533,1.2343230097,1.2374753174,-1.190192181,-1.008700633,3.6713232533,-1.932092682,182,4
-1.29414832,0.0674951979,-0.928158333,-1.237167947,-1.165511775,-0.286869394,-0.286869394,-1.199679425,0.3989398879,-0.906887602,-0.964556308,-0.878405085,1.0426352292,0.0321409257,0.4880967554,-0.51486426,-1.812383738,0.2938220587,2.4938527075,1.2997226685,1.2977504481,0.9020871411,0.5106442792,-3.201717228,-0.287334868,183,1
-0.381664081,1.0943509838,-0.928158333,-1.237167947,-1.165511775,-0.286869394,-0.286869394,-1.199679425,0.3989398879,-0.906887602,-0.964556308,-0.878405085,1.0426352292,0.0321409257,0.4880967554,-0.51486426,-1.812383738,0.2938220587,2.4938527075,1.2997226685,1.2977504481,0.9020871411,0.5106442792,-3.184734214,-0.165069556,184,1
0.5308201586,0.1667579239,-0.928158333,-1.237167947,-1.165511775,-0.286869394,-0.286869394,-1.199679425,0.3989398879,-0.906887602,-0.964556308,-0.878405085,1.0426352292,0.0321409257,0.4880967554,-0.51486426,-1.812383738,0.2938220587,2.4938527075,1.2997226685,1.2977504481,0.9020871411,0.5106442792,-3.183561069,-0.241104431,185,1
-1.29414832,-0.343247116,0.1267975865,-0.318128901,0.0713578638,-1.023521664,-1.023521664,-1.827326277,0.3989398879,-0.570444163,-0.013714071,-0.256948426,-0.497347925,-0.57561476,0.4880967554,-0.879171533,-1.107756042,0.6377026903,0.850337535,1.3575571328,1.3595686221,-0.701834078,-0.676804899,-2.642720726,-0.925208342,186,1
-0.381664081,0.8376370374,0.1267975865,-0.318128901,0.0713578638,-1.023521664,-1.023521664,-1.827326277,0.3989398879,-0.570444163,-0.013714071,-0.256948426,-0.497347925,-0.57561476,0.4880967554,-0.879171533,-1.107756042,0.6377026903,0.850337535,1.3575571328,1.3595686221,-0.701834078,-0.676804899,-2.62449175,-0.787315169,187,1
0.5308201586,-0.312441443,0.1267975865,-0.318128901,0.0713578638,-1.023521664,-1.023521664,-1.827326277,0.3989398879,-0.570444163,-0.013714071,-0.256948426,-0.497347925,-0.57561476,0.4880967554,-0.879171533,-1.107756042,0.6377026903,0.850337535,1.3575571328,1.3595686221,-0.701834078,-0.676804899,-2.625118327,-0.88592362,188,1
1.4433043981,-0.979897704,0.1267975865,-0.318128901,0.0713578638,-1.023521664,-1.023521664,-1.827326277,0.3989398879,-0.570444163,-0.013714071,-0.256948426,-0.497347925,-0.57561476,0.4880967554,-0.879171533,-1.107756042,0.6377026903,0.850337535,1.3575571328,1.3595686221,-0.701834078,-0.676804899,-2.621840891,-0.935564774,189,1
-1.29414832,-0.302172885,-0.928158333,-0.318128901,-1.165511775,-0.286869394,-0.286869394,-0.990463808,1.1234514086,-0.794739789,-0.013714071,-0.422670202,-0.343349609,-0.57561476,0.4880967554,0.4906238146,0.3014993508,0.2938220587,0.395748232,1.482513061,1.4811514824,0.5190611783,0.3188823,-1.641757027,-0.189958957,190,1
-0.381664081,1.8028814762,-0.928158333,-0.318128901,-1.165511775,-0.286869394,-0.286869394,-0.990463808,1.1234514086,-0.794739789,-0.013714071,-0.422670202,-0.343349609,-0.57561476,0.4880967554,0.4906238146,0.3014993508,0.2938220587,0.395748232,1.482513061,1.4811514824,0.5190611783,0.3188823,-1.616052281,0.0417013788,191,1
0.5308201586,-0.445932695,-0.928158333,-0.318128901,-1.165511775,-0.286869394,-0.286869394,-0.990463808,1.1234514086,-0.794739789,-0.013714071,-0.422670202,-0.343349609,-0.57561476,0.4880967554,0.4906238146,0.3014993508,0.2938220587,0.395748232,1.482513061,1.4811514824,0.5190611783,0.3188823,-1.625566718,-0.168385811,192,1
1.4433043981,-1.020971935,-0.928158333,-0.318128901,-1.165511775,-0.286869394,-0.286869394,-0.990463808,1.1234514086,-0.794739789,-0.013714071,-0.422670202,-0.343349609,-0.57561476,0.4880967554,0.4906238146,0.3014993508,0.2938220587,0.395748232,1.482513061,1.4811514824,0.5190611783,0.3188823,-1.621541705,-0.208650249,193,1
-1.29414832,-0.538349716,-0.928158333,-1.237167947,-1.165511775,-1.023521664,-1.023521664,-1.199679425,-0.325571633,-1.131183227,-0.964556308,-0.878405085,-1.228839923,-0.57561476,0.4880967554,-1.054039025,0.3014993508,-0.737819836,2.2490738521,1.5366345169,1.5388647478,-0.574956728,-0.757934968,-3.434610008,-2.070934619,194,1
-0.381664081,0.714414343,-0.928158333,-1.237167947,-1.165511775,-1.023521664,-1.023521664,-1.199679425,-0.325571633,-1.131183227,-0.964556308,-0.878405085,-1.228839923,-0.57561476,0.4880967554,-1.054039025,0.3014993508,-0.737819836,2.2490738521,1.5366345169,1.5388647478,-0.574956728,-0.757934968,-3.415799583,-1.925748445,195,1
0.5308201586,0.0965894452,-0.928158333,-1.237167947,-1.165511775,-1.023521664,-1.023521664,-1.199679425,-0.325571633,-1.131183227,-0.964556308,-0.878405085,-1.228839923,-0.57561476,0.4880967554,-1.054039025,0.3014993508,-0.737819836,2.2490738521,1.5366345169,1.5388647478,-0.574956728,-0.757934968,-3.41212067,-1.970353955,196,1
-1.29414832,0.1701807765,1.1817535063,0.6009101456,0.0713578638,-0.286869394,-0.286869394,-1.199679425,-0.325571633,-0.794739789,-0.013714071,-0.422670202,1.4276310177,0.0321409257,-0.914072106,-1.695219826,0.3014993508,0.2938220587,1.339895246,1.5933906999,1.5951892742,-0.586926289,-0.632552135,-0.97543371,-1.862421471,197,1
-0.381664081,0.2625977972,1.1817535063,0.6009101456,0.0713578638,-0.286869394,-0.286869394,-1.199679425,-0.325571633,-0.794739789,-0.013714071,-0.422670202,1.4276310177,0.0321409257,-0.914072106,-1.695219826,0.3014993508,0.2938220587,1.339895246,1.5933906999,1.5951892742,-0.586926289,-0.632552135,-0.96600953,-1.834965179,198,1
0.5308201586,-0.168681633,1.1817535063,0.6009101456,0.0713578638,-0.286869394,-0.286869394,-1.199679425,-0.325571633,-0.794739789,-0.013714071,-0.422670202,1.4276310177,0.0321409257,-0.914072106,-1.695219826,0.3014993508,0.2938220587,1.339895246,1.5933906999,1.5951892742,-0.586926289,-0.632552135,-0.960821619,-1.860643614,199,1
1.4433043981,-1.020971935,1.1817535063,0.6009101456,0.0713578638,-0.286869394,-0.286869394,-1.199679425,-0.325571633,-0.794739789,-0.013714071,-0.422670202,1.4276310177,0.0321409257,-0.914072106,-1.695219826,0.3014993508,0.2938220587,1.339895246,1.5933906999,1.5951892742,-0.586926289,-0.632552135,-0.959039337,-1.929038201,200,1
-1.29414832,-0.558886832,0.1267975865,-0.318128901,0.0713578638,0.4497828765,0.4497828765,-1.199679425,1.1234514086,-0.682591976,0.9371281663,0.3645082327,-1.305839081,0.0321409257,0.4880967554,-0.310852187,0.3014993508,0.2938220587,-0.618335598,1.6543993765,1.6567229496,-1.046557445,-0.78743681,-0.171679984,-1.484721559,201,1
-0.381664081,1.2381107939,0.1267975865,-0.318128901,0.0713578638,0.4497828765,0.4497828765,-1.199679425,1.1234514086,-0.682591976,0.9371281663,0.3645082327,-1.305839081,0.0321409257,0.4880967554,-0.310852187,0.3014993508,0.2938220587,-0.618335598,1.6543993765,1.6567229496,-1.046557445,-0.78743681,-0.148467162,-1.284316944,202,1
0.5308201586,-0.743720873,0.1267975865,-0.318128901,0.0713578638,0.4497828765,0.4497828765,-1.199679425,1.1234514086,-0.682591976,0.9371281663,0.3645082327,-1.305839081,0.0321409257,0.4880967554,-0.310852187,0.3014993508,0.2938220587,-0.618335598,1.6543993765,1.6567229496,-1.046557445,-0.78743681,-0.155821932,-1.467315842,203,1
1.4433043981,-0.825869336,0.1267975865,-0.318128901,0.0713578638,0.4497828765,0.4497828765,-1.199679425,1.1234514086,-0.682591976,0.9371281663,0.3645082327,-1.305839081,0.0321409257,0.4880967554,-0.310852187,0.3014993508,0.2938220587,-0.618335598,1.6543993765,1.6567229496,-1.046557445,-0.78743681,-0.147809842,-1.457571126,204,1
-1.29414832,0.0264209665,2.2367094261,-3.994285085,1.3082275027,-0.286869394,-0.286869394,-0.781248191,0.3989398879,-0.45829635,-0.964556308,-0.836974641,0.8886369138,-0.57561476,0.4880967554,-0.777165497,0.3014993508,-0.050058573,1.0951163905,1.7132811172,1.7137328903,0.0163396021,-0.234277255,-2.036224604,-0.98476597,205,1
-0.381664081,0.9095169424,2.2367094261,-3.994285085,1.3082275027,-0.286869394,-0.286869394,-0.781248191,0.3989398879,-0.45829635,-0.964556308,-0.836974641,0.8886369138,-0.57561476,0.4880967554,-0.777165497,0.3014993508,-0.050058573,1.0951163905,1.7132811172,1.7137328903,0.0163396021,-0.234277255,-2.020404487,-0.877086661,206,1
0.5308201586,-0.240561538,2.2367094261,-3.994285085,1.3082275027,-0.286869394,-0.286869394,-0.781248191,0.3989398879,-0.45829635,-0.964556308,-0.836974641,0.8886369138,-0.57561476,0.4880967554,-0.777165497,0.3014993508,-0.050058573,1.0951163905,1.7132811172,1.7137328903,0.0163396021,-0.234277255,-2.021031064,-0.975695112,207,1
1.4433043981,-1.123657514,2.2367094261,-3.994285085,1.3082275027,-0.286869394,-0.286869394,-0.781248191,0.3989398879,-0.45829635,-0.964556308,-0.836974641,0.8886369138,-0.57561476,0.4880967554,-0.777165497,0.3014993508,-0.050058573,1.0951163905,1.7132811172,1.7137328903,0.0163396021,-0.234277255,-2.019497975,-1.047215271,208,1
