calendarDate,activityLevel,elapsed_min,activityLabel,lowestRespirationValue,highestRespirationValue,avgWakingRespirationValue,avgSleepRespirationValue,averageRespirationValue_num,averageSpO2HRSleep_num,averageSpO2Value_num,avgSleepStress_num,awakeCount_num,awakeSleepSeconds_num,deepSleepSeconds_num,highestRespirationValue_num,highestSpO2Value_num,lightSleepSeconds_num,lowestRespirationValue_num,lowestSpO2Value_num,remSleepSeconds_num,sleepEndTimestampGMT_dt,sleepStartTimestampGMT_dt,sleepTimeSeconds_num,tot_sleep_hours
2025-08-20,0,85,Deep,8,24,16,13,13,58,95,15,1,480,5100,15,100,15300,11,85,3180,2071295080,2071271020,23580,6.68
2025-08-20,1,255,Light,8,24,16,13,13,58,95,15,1,480,5100,15,100,15300,11,85,3180,2071295080,2071271020,23580,6.68
2025-08-20,2,53,REM,8,24,16,13,13,58,95,15,1,480,5100,15,100,15300,11,85,3180,2071295080,2071271020,23580,6.68
2025-08-20,3,8,Awake,8,24,16,13,13,58,95,15,1,480,5100,15,100,15300,11,85,3180,2071295080,2071271020,23580,6.68
2025-08-21,0,121,Deep,7,24,17,17,17,64,94,25,1,1680,7260,22,99,15900,11,81,480,2071381217,2071355897,23640,7.03
2025-08-21,1,265,Light,7,24,17,17,17,64,94,25,1,1680,7260,22,99,15900,11,81,480,2071381217,2071355897,23640,7.03
2025-08-21,2,8,REM,7,24,17,17,17,64,94,25,1,1680,7260,22,99,15900,11,81,480,2071381217,2071355897,23640,7.03
2025-08-21,3,28,Awake,7,24,17,17,17,64,94,25,1,1680,7260,22,99,15900,11,81,480,2071381217,2071355897,23640,7.03
2025-08-22,0,27,Deep,9,25,17,16,16,,,25,0,0,1620,20,,18060,12,,4440,2071467376,2071443294,24082,6.69
2025-08-22,1,301,Light,9,25,17,16,16,,,25,0,0,1620,20,,18060,12,,4440,2071467376,2071443294,24082,6.69
2025-08-22,2,73.366666667,REM,9,25,17,16,16,,,25,0,0,1620,20,,18060,12,,4440,2071467376,2071443294,24082,6.69
2025-08-23,0,109,Deep,7,24,18,15,15,,,23,0,60,6540,20,,15660,11,,6600,2071557551,2071528691,28800,8.02
2025-08-23,1,261,Light,7,24,18,15,15,,,23,0,60,6540,20,,15660,11,,6600,2071557551,2071528691,28800,8.02
2025-08-23,2,110,REM,7,24,18,15,15,,,23,0,60,6540,20,,15660,11,,6600,2071557551,2071528691,28800,8.02
2025-08-23,3,1,Awake,7,24,18,15,15,,,23,0,60,6540,20,,15660,11,,6600,2071557551,2071528691,28800,8.02
2025-08-24,0,51,Deep,9,24,18,16,16,,,36,1,1080,3060,20,,16620,12,,3540,2071641339,2071617039,23220,6.75
2025-08-24,1,277,Light,9,24,18,16,16,,,36,1,1080,3060,20,,16620,12,,3540,2071641339,2071617039,23220,6.75
2025-08-24,2,59,REM,9,24,18,16,16,,,36,1,1080,3060,20,,16620,12,,3540,2071641339,2071617039,23220,6.75
2025-08-24,3,18,Awake,9,24,18,16,16,,,36,1,1080,3060,20,,16620,12,,3540,2071641339,2071617039,23220,6.75
2025-08-25,0,64,Deep,8,25,17,16,16,,,22,0,60,3840,22,,11640,13,,4020,2071721898,2071702338,19500,5.43
2025-08-25,1,194,Light,8,25,17,16,16,,,22,0,60,3840,22,,11640,13,,4020,2071721898,2071702338,19500,5.43
2025-08-25,2,67,REM,8,25,17,16,16,,,22,0,60,3840,22,,11640,13,,4020,2071721898,2071702338,19500,5.43
2025-08-25,3,1,Awake,8,25,17,16,16,,,22,0,60,3840,22,,11640,13,,4020,2071721898,2071702338,19500,5.43
2025-08-26,0,107,Deep,9,25,17,15,15,,,20,1,1740,6420,23,,11460,11,,1620,2071806463,2071785269,19454,5.89
2025-08-26,1,190.23333333,Light,9,25,17,15,15,,,20,1,1740,6420,23,,11460,11,,1620,2071806463,2071785269,19454,5.89
2025-08-26,2,27,REM,9,25,17,15,15,,,20,1,1740,6420,23,,11460,11,,1620,2071806463,2071785269,19454,5.89
2025-08-26,3,29,Awake,9,25,17,15,15,,,20,1,1740,6420,23,,11460,11,,1620,2071806463,2071785269,19454,5.89
2025-08-27,0,92,Deep,5,25,15,14,14,,,15,4,3300,5520,21,,19140,7,,3060,2071910104,2071879084,27720,8.62
2025-08-27,1,319,Light,5,25,15,14,14,,,15,4,3300,5520,21,,19140,7,,3060,2071910104,2071879084,27720,8.62
2025-08-27,2,51,REM,5,25,15,14,14,,,15,4,3300,5520,21,,19140,7,,3060,2071910104,2071879084,27720,8.62
2025-08-27,3,55,Awake,5,25,15,14,14,,,15,4,3300,5520,21,,19140,7,,3060,2071910104,2071879084,27720,8.62
2025-08-28,0,82,Deep,7,25,17,15,15,,,17,2,1920,4920,19,,14580,7,,1500,2071982424,2071959504,21000,6.37
2025-08-28,1,243,Light,7,25,17,15,15,,,17,2,1920,4920,19,,14580,7,,1500,2071982424,2071959504,21000,6.37
2025-08-28,2,25,REM,7,25,17,15,15,,,17,2,1920,4920,19,,14580,7,,1500,2071982424,2071959504,21000,6.37
2025-08-28,3,32,Awake,7,25,17,15,15,,,17,2,1920,4920,19,,14580,7,,1500,2071982424,2071959504,21000,6.37
2025-08-30,0,104,Deep,7,24,17,16,16,,,18,1,540,6240,21,,12120,10,,5760,2072164034,2072139374,24120,6.85
2025-08-30,1,202,Light,7,24,17,16,16,,,18,1,540,6240,21,,12120,10,,5760,2072164034,2072139374,24120,6.85
2025-08-30,2,96,REM,7,24,17,16,16,,,18,1,540,6240,21,,12120,10,,5760,2072164034,2072139374,24120,6.85
2025-08-30,3,9,Awake,7,24,17,16,16,,,18,1,540,6240,21,,12120,10,,5760,2072164034,2072139374,24120,6.85
2025-08-31,0,88,Deep,8,27,16,14,14,,,18,0,600,5280,19,,8640,10,,900,2072237935,2072222515,14820,4.28
2025-08-31,1,144,Light,8,27,16,14,14,,,18,0,600,5280,19,,8640,10,,900,2072237935,2072222515,14820,4.28
2025-08-31,2,15,REM,8,27,16,14,14,,,18,0,600,5280,19,,8640,10,,900,2072237935,2072222515,14820,4.28
2025-08-31,3,10,Awake,8,27,16,14,14,,,18,0,600,5280,19,,8640,10,,900,2072237935,2072222515,14820,4.28
2025-09-01,0,104,Deep,6,25,17,14,14,,,14,1,780,6240,19,,17340,9,,3120,2072334118,2072306638,26700,7.63
2025-09-01,1,289,Light,6,25,17,14,14,,,14,1,780,6240,19,,17340,9,,3120,2072334118,2072306638,26700,7.63
2025-09-01,2,52,REM,6,25,17,14,14,,,14,1,780,6240,19,,17340,9,,3120,2072334118,2072306638,26700,7.63
2025-09-01,3,13,Awake,6,25,17,14,14,,,14,1,780,6240,19,,17340,9,,3120,2072334118,2072306638,26700,7.63
2025-09-02,0,93,Deep,8,24,17,15,15,,,16,0,0,5580,21,,12240,11,,2940,2072402879,2072382119,20760,5.77
2025-09-02,1,204,Light,8,24,17,15,15,,,16,0,0,5580,21,,12240,11,,2940,2072402879,2072382119,20760,5.77
2025-09-02,2,49,REM,8,24,17,15,15,,,16,0,0,5580,21,,12240,11,,2940,2072402879,2072382119,20760,5.77
2025-09-03,0,97,Deep,9,24,18,15,15,,,22,0,300,5820,23,,22740,11,,4920,2072503934,2072470154,33480,9.38
2025-09-03,1,379,Light,9,24,18,15,15,,,22,0,300,5820,23,,22740,11,,4920,2072503934,2072470154,33480,9.38
2025-09-03,2,82,REM,9,24,18,15,15,,,22,0,300,5820,23,,22740,11,,4920,2072503934,2072470154,33480,9.38
2025-09-03,3,5,Awake,9,24,18,15,15,,,22,0,300,5820,23,,22740,11,,4920,2072503934,2072470154,33480,9.38
2025-09-04,0,65,Deep,8,26,18,16,16,,,31,4,6900,3900,23,,25740,10,,2760,2072591308,2072552015,32393,10.91
2025-09-04,1,428.88333333,Light,8,26,18,16,16,,,31,4,6900,3900,23,,25740,10,,2760,2072591308,2072552015,32393,10.91
2025-09-04,2,46,REM,8,26,18,16,16,,,31,4,6900,3900,23,,25740,10,,2760,2072591308,2072552015,32393,10.91
2025-09-04,3,115,Awake,8,26,18,16,16,,,31,4,6900,3900,23,,25740,10,,2760,2072591308,2072552015,32393,10.91
2025-09-05,0,68,Deep,8,24,17,14,14,62,94,20,0,60,4080,19,100,16320,11,87,4500,2072671196,2072646236,24900,6.93
2025-09-05,1,272,Light,8,24,17,14,14,62,94,20,0,60,4080,19,100,16320,11,87,4500,2072671196,2072646236,24900,6.93
2025-09-05,2,75,REM,8,24,17,14,14,62,94,20,0,60,4080,19,100,16320,11,87,4500,2072671196,2072646236,24900,6.93
2025-09-05,3,1,Awake,8,24,17,14,14,62,94,20,0,60,4080,19,100,16320,11,87,4500,2072671196,2072646236,24900,6.93
2025-09-06,0,63,Deep,7,24,17,14,14,59,95,21,1,900,3780,20,99,11640,11,87,5280,2072767385,2072745785,20700,6
2025-09-06,1,194,Light,7,24,17,14,14,59,95,21,1,900,3780,20,99,11640,11,87,5280,2072767385,2072745785,20700,6
2025-09-06,2,88,REM,7,24,17,14,14,59,95,21,1,900,3780,20,99,11640,11,87,5280,2072767385,2072745785,20700,6
2025-09-06,3,15,Awake,7,24,17,14,14,59,95,21,1,900,3780,20,99,11640,11,87,5280,2072767385,2072745785,20700,6
2025-09-07,0,79,Deep,9,24,17,15,15,66,96,37,1,4140,4740,20,100,20820,9,89,3120,2072849525,2072816705,28680,9.12
2025-09-07,1,347,Light,9,24,17,15,15,66,96,37,1,4140,4740,20,100,20820,9,89,3120,2072849525,2072816705,28680,9.12
2025-09-07,2,52,REM,9,24,17,15,15,66,96,37,1,4140,4740,20,100,20820,9,89,3120,2072849525,2072816705,28680,9.12
2025-09-07,3,69,Awake,9,24,17,15,15,66,96,37,1,4140,4740,20,100,20820,9,89,3120,2072849525,2072816705,28680,9.12
2025-09-08,0,67,Deep,8,23,17,13,13,59,97,12,0,300,4020,20,100,10560,8,89,2640,2072926816,2072909321,17195,4.86
2025-09-08,1,176,Light,8,23,17,13,13,59,97,12,0,300,4020,20,100,10560,8,89,2640,2072926816,2072909321,17195,4.86
2025-09-08,2,43.583333333,REM,8,23,17,13,13,59,97,12,0,300,4020,20,100,10560,8,89,2640,2072926816,2072909321,17195,4.86
2025-09-08,3,5,Awake,8,23,17,13,13,59,97,12,0,300,4020,20,100,10560,8,89,2640,2072926816,2072909321,17195,4.86
2025-09-09,0,105,Deep,7,24,16,15,15,65,95,24,0,300,6300,20,100,14340,10,86,4020,2073009976,2072985016,24660,6.93
2025-09-09,1,239,Light,7,24,16,15,15,65,95,24,0,300,6300,20,100,14340,10,86,4020,2073009976,2072985016,24660,6.93
2025-09-09,2,67,REM,7,24,16,15,15,65,95,24,0,300,6300,20,100,14340,10,86,4020,2073009976,2072985016,24660,6.93
2025-09-09,3,5,Awake,7,24,16,15,15,65,95,24,0,300,6300,20,100,14340,10,86,4020,2073009976,2072985016,24660,6.93
2025-09-10,0,93,Deep,9,24,17,14,14,61,95,20,2,3660,5580,19,100,21780,8,91,3660,2073105896,2073070496,31020,9.83
2025-09-10,1,363,Light,9,24,17,14,14,61,95,20,2,3660,5580,19,100,21780,8,91,3660,2073105896,2073070496,31020,9.83
2025-09-10,2,61,REM,9,24,17,14,14,61,95,20,2,3660,5580,19,100,21780,8,91,3660,2073105896,2073070496,31020,9.83
2025-09-10,3,61,Awake,9,24,17,14,14,61,95,20,2,3660,5580,19,100,21780,8,91,3660,2073105896,2073070496,31020,9.83
2025-09-11,0,55,Deep,8,25,18,14,14,61,95,19,2,2460,3300,21,100,13860,9,83,2820,2073181197,2073158757,19980,6.23
2025-09-11,1,231,Light,8,25,18,14,14,61,95,19,2,2460,3300,21,100,13860,9,83,2820,2073181197,2073158757,19980,6.23
2025-09-11,2,47,REM,8,25,18,14,14,61,95,19,2,2460,3300,21,100,13860,9,83,2820,2073181197,2073158757,19980,6.23
2025-09-11,3,41,Awake,8,25,18,14,14,61,95,19,2,2460,3300,21,100,13860,9,83,2820,2073181197,2073158757,19980,6.23
2025-09-12,0,69,Deep,8,25,18,14,14,63,95,23,0,0,4140,20,100,20040,11,87,5640,2073278201,2073248381,29820,8.28
2025-09-12,1,334,Light,8,25,18,14,14,63,95,23,0,0,4140,20,100,20040,11,87,5640,2073278201,2073248381,29820,8.28
2025-09-12,2,94,REM,8,25,18,14,14,63,95,23,0,0,4140,20,100,20040,11,87,5640,2073278201,2073248381,29820,8.28
2025-09-13,0,108,Deep,9,25,17,16,16,67,97,32,2,2100,6480,22,100,13560,11,89,1380,2073362463,2073338943,21420,6.53
2025-09-13,1,226,Light,9,25,17,16,16,67,97,32,2,2100,6480,22,100,13560,11,89,1380,2073362463,2073338943,21420,6.53
2025-09-13,2,23,REM,9,25,17,16,16,67,97,32,2,2100,6480,22,100,13560,11,89,1380,2073362463,2073338943,21420,6.53
2025-09-13,3,35,Awake,9,25,17,16,16,67,97,32,2,2100,6480,22,100,13560,11,89,1380,2073362463,2073338943,21420,6.53
2025-09-14,0,133,Deep,7,25,16,16,16,65,96,22,0,0,7980,22,100,11040,10,85,3840,2073444964,2073422104,22860,6.35
2025-09-14,1,184,Light,7,25,16,16,16,65,96,22,0,0,7980,22,100,11040,10,85,3840,2073444964,2073422104,22860,6.35
2025-09-14,2,64,REM,7,25,16,16,16,65,96,22,0,0,7980,22,100,11040,10,85,3840,2073444964,2073422104,22860,6.35
2025-09-15,0,98,Deep,8,25,18,16,16,65,94,24,1,3900,5880,23,99,17520,10,85,2760,2073540132,2073510072,26160,8.35
2025-09-15,1,292,Light,8,25,18,16,16,65,94,24,1,3900,5880,23,99,17520,10,85,2760,2073540132,2073510072,26160,8.35
2025-09-15,2,46,REM,8,25,18,16,16,65,94,24,1,3900,5880,23,99,17520,10,85,2760,2073540132,2073510072,26160,8.35
2025-09-15,3,65,Awake,8,25,18,16,16,65,94,24,1,3900,5880,23,99,17520,10,85,2760,2073540132,2073510072,26160,8.35
2025-09-16,0,137,Deep,7,23,17,16,16,61,95,17,1,1320,8220,21,100,13500,11,81,1080,2073623046,2073598934,22792,6.7
2025-09-16,1,224.86666667,Light,7,23,17,16,16,61,95,17,1,1320,8220,21,100,13500,11,81,1080,2073623046,2073598934,22792,6.7
2025-09-16,2,18,REM,7,23,17,16,16,61,95,17,1,1320,8220,21,100,13500,11,81,1080,2073623046,2073598934,22792,6.7
2025-09-16,3,22,Awake,7,23,17,16,16,61,95,17,1,1320,8220,21,100,13500,11,81,1080,2073623046,2073598934,22792,6.7
2025-09-17,0,72,Deep,9,23,18,14,14,58,94,14,1,660,4320,20,99,18900,10,79,2640,2073708786,2073682266,25860,7.37
2025-09-17,1,315,Light,9,23,18,14,14,58,94,14,1,660,4320,20,99,18900,10,79,2640,2073708786,2073682266,25860,7.37
2025-09-17,2,44,REM,9,23,18,14,14,58,94,14,1,660,4320,20,99,18900,10,79,2640,2073708786,2073682266,25860,7.37
2025-09-17,3,11,Awake,9,23,18,14,14,58,94,14,1,660,4320,20,99,18900,10,79,2640,2073708786,2073682266,25860,7.37
2025-09-19,0,56,Deep,8,24,17,16,16,61,93,24,2,2760,3360,22,100,10260,11,84,5760,2073878437,2073856297,19380,6.15
2025-09-19,1,171,Light,8,24,17,16,16,61,93,24,2,2760,3360,22,100,10260,11,84,5760,2073878437,2073856297,19380,6.15
2025-09-19,2,96,REM,8,24,17,16,16,61,93,24,2,2760,3360,22,100,10260,11,84,5760,2073878437,2073856297,19380,6.15
2025-09-19,3,46,Awake,8,24,17,16,16,61,93,24,2,2760,3360,22,100,10260,11,84,5760,2073878437,2073856297,19380,6.15
2025-09-20,0,94,Deep,8,25,17,16,16,60,97,20,0,0,5640,20,100,9660,11,90,3720,2073967561,2073948541,19020,5.28
2025-09-20,1,161,Light,8,25,17,16,16,60,97,20,0,0,5640,20,100,9660,11,90,3720,2073967561,2073948541,19020,5.28
2025-09-20,2,62,REM,8,25,17,16,16,60,97,20,0,0,5640,20,100,9660,11,90,3720,2073967561,2073948541,19020,5.28
2025-09-21,0,127,Deep,8,25,17,15,15,64,92,23,3,2640,7620,21,100,18540,11,83,2640,2074063357,2074031917,28800,8.73
2025-09-21,1,309,Light,8,25,17,15,15,64,92,23,3,2640,7620,21,100,18540,11,83,2640,2074063357,2074031917,28800,8.73
2025-09-21,2,44,REM,8,25,17,15,15,64,92,23,3,2640,7620,21,100,18540,11,83,2640,2074063357,2074031917,28800,8.73
2025-09-21,3,44,Awake,8,25,17,15,15,64,92,23,3,2640,7620,21,100,18540,11,83,2640,2074063357,2074031917,28800,8.73
2025-09-22,0,110,Deep,7,26,17,18,18,65,94,37,0,0,6600,24,98,8220,12,86,1380,2074127338,2074111177,16161,4.49
2025-09-22,1,137,Light,7,26,17,18,18,65,94,37,0,0,6600,24,98,8220,12,86,1380,2074127338,2074111177,16161,4.49
2025-09-22,2,22.35,REM,7,26,17,18,18,65,94,37,0,0,6600,24,98,8220,12,86,1380,2074127338,2074111177,16161,4.49
2025-09-23,0,85,Deep,8,23,18,15,15,63,94,22,1,960,5100,22,97,13740,11,84,5160,2074223436,2074198476,24000,6.93
2025-09-23,1,229,Light,8,23,18,15,15,63,94,22,1,960,5100,22,97,13740,11,84,5160,2074223436,2074198476,24000,6.93
2025-09-23,2,86,REM,8,23,18,15,15,63,94,22,1,960,5100,22,97,13740,11,84,5160,2074223436,2074198476,24000,6.93
2025-09-23,3,16,Awake,8,23,18,15,15,63,94,22,1,960,5100,22,97,13740,11,84,5160,2074223436,2074198476,24000,6.93
2025-09-24,0,52,Deep,10,26,19,19,19,75,95,54,4,4020,3120,23,100,16440,14,82,2580,2074315656,2074289496,22140,7.27
2025-09-24,1,274,Light,10,26,19,19,19,75,95,54,4,4020,3120,23,100,16440,14,82,2580,2074315656,2074289496,22140,7.27
2025-09-24,2,43,REM,10,26,19,19,19,75,95,54,4,4020,3120,23,100,16440,14,82,2580,2074315656,2074289496,22140,7.27
2025-09-24,3,67,Awake,10,26,19,19,19,75,95,54,4,4020,3120,23,100,16440,14,82,2580,2074315656,2074289496,22140,7.27
2025-09-25,0,112,Deep,9,26,18,19,19,67,95,23,0,0,6720,23,99,17820,13,88,420,2074401586,2074376626,24960,6.93
2025-09-25,1,297,Light,9,26,18,19,19,67,95,23,0,0,6720,23,99,17820,13,88,420,2074401586,2074376626,24960,6.93
2025-09-25,2,7,REM,9,26,18,19,19,67,95,23,0,0,6720,23,99,17820,13,88,420,2074401586,2074376626,24960,6.93
2025-09-26,0,85,Deep,8,25,18,18,18,69,96,35,0,420,5100,23,100,14520,14,84,600,2074481796,2074461156,20220,5.73
2025-09-26,1,242,Light,8,25,18,18,18,69,96,35,0,420,5100,23,100,14520,14,84,600,2074481796,2074461156,20220,5.73
2025-09-26,2,10,REM,8,25,18,18,18,69,96,35,0,420,5100,23,100,14520,14,84,600,2074481796,2074461156,20220,5.73
2025-09-26,3,7,Awake,8,25,18,18,18,69,96,35,0,420,5100,23,100,14520,14,84,600,2074481796,2074461156,20220,5.73
2025-09-27,0,71,Deep,8,24,17,14,14,64,96,21,1,600,4260,23,100,15180,11,88,3660,2074580600,2074556900,23100,6.58
2025-09-27,1,253,Light,8,24,17,14,14,64,96,21,1,600,4260,23,100,15180,11,88,3660,2074580600,2074556900,23100,6.58
2025-09-27,2,61,REM,8,24,17,14,14,64,96,21,1,600,4260,23,100,15180,11,88,3660,2074580600,2074556900,23100,6.58
2025-09-27,3,10,Awake,8,24,17,14,14,64,96,21,1,600,4260,23,100,15180,11,88,3660,2074580600,2074556900,23100,6.58
2025-09-28,0,65,Deep,8,26,16,16,16,65,96,25,0,0,3900,23,98,17700,11,90,3540,2074665502,2074640362,25140,6.98
2025-09-28,1,295,Light,8,26,16,16,16,65,96,25,0,0,3900,23,98,17700,11,90,3540,2074665502,2074640362,25140,6.98
2025-09-28,2,59,REM,8,26,16,16,16,65,96,25,0,0,3900,23,98,17700,11,90,3540,2074665502,2074640362,25140,6.98
2025-09-29,0,118,Deep,7,24,16,13,13,57,97,18,0,0,7080,18,100,11520,9,87,2340,2074747767,2074726847,20920,5.81
2025-09-29,1,192,Light,7,24,16,13,13,57,97,18,0,0,7080,18,100,11520,9,87,2340,2074747767,2074726847,20920,5.81
2025-09-29,2,38.666666667,REM,7,24,16,13,13,57,97,18,0,0,7080,18,100,11520,9,87,2340,2074747767,2074726847,20920,5.81
2025-09-30,0,126,Deep,6,23,16,16,16,62,97,22,0,300,7560,20,100,6060,12,84,4200,2074822887,2074804767,17820,5.03
2025-09-30,1,101,Light,6,23,16,16,16,62,97,22,0,300,7560,20,100,6060,12,84,4200,2074822887,2074804767,17820,5.03
2025-09-30,2,70,REM,6,23,16,16,16,62,97,22,0,300,7560,20,100,6060,12,84,4200,2074822887,2074804767,17820,5.03
2025-09-30,3,5,Awake,6,23,16,16,16,62,97,22,0,300,7560,20,100,6060,12,84,4200,2074822887,2074804767,17820,5.03
2025-10-01,0,157,Deep,8,25,16,16,16,65,97,27,2,3600,9420,22,100,19500,11,84,2340,2074922614,2074887754,31260,9.68
2025-10-01,1,325,Light,8,25,16,16,16,65,97,27,2,3600,9420,22,100,19500,11,84,2340,2074922614,2074887754,31260,9.68
2025-10-01,2,39,REM,8,25,16,16,16,65,97,27,2,3600,9420,22,100,19500,11,84,2340,2074922614,2074887754,31260,9.68
2025-10-01,3,60,Awake,8,25,16,16,16,65,97,27,2,3600,9420,22,100,19500,11,84,2340,2074922614,2074887754,31260,9.68
2025-10-02,0,120,Deep,8,24,16,16,16,59,96,16,1,660,7200,21,100,14280,11,90,3840,2075002682,2074976702,25320,7.22
2025-10-02,1,238,Light,8,24,16,16,16,59,96,16,1,660,7200,21,100,14280,11,90,3840,2075002682,2074976702,25320,7.22
2025-10-02,2,64,REM,8,24,16,16,16,59,96,16,1,660,7200,21,100,14280,11,90,3840,2075002682,2074976702,25320,7.22
2025-10-02,3,11,Awake,8,24,16,16,16,59,96,16,1,660,7200,21,100,14280,11,90,3840,2075002682,2074976702,25320,7.22
2025-10-03,0,99,Deep,8,25,16,17,17,73,96,49,1,2820,5940,23,98,15600,11,88,2400,2075092603,2075065843,23940,7.43
2025-10-03,1,260,Light,8,25,16,17,17,73,96,49,1,2820,5940,23,98,15600,11,88,2400,2075092603,2075065843,23940,7.43
2025-10-03,2,40,REM,8,25,16,17,17,73,96,49,1,2820,5940,23,98,15600,11,88,2400,2075092603,2075065843,23940,7.43
2025-10-03,3,47,Awake,8,25,16,17,17,73,96,49,1,2820,5940,23,98,15600,11,88,2400,2075092603,2075065843,23940,7.43
2025-10-04,0,96,Deep,8,25,16,17,17,70,97,30,1,480,5760,23,100,18360,11,93,3960,2075182364,2075153804,28080,7.93
2025-10-04,1,306,Light,8,25,16,17,17,70,97,30,1,480,5760,23,100,18360,11,93,3960,2075182364,2075153804,28080,7.93
2025-10-04,2,66,REM,8,25,16,17,17,70,97,30,1,480,5760,23,100,18360,11,93,3960,2075182364,2075153804,28080,7.93
2025-10-04,3,8,Awake,8,25,16,17,17,70,97,30,1,480,5760,23,100,18360,11,93,3960,2075182364,2075153804,28080,7.93
2025-10-05,0,89,Deep,8,24,16,15,15,68,98,17,1,1080,5340,19,100,23340,10,85,0,2075270709,2075240949,28680,8.27
2025-10-05,1,389,Light,8,24,16,15,15,68,98,17,1,1080,5340,19,100,23340,10,85,0,2075270709,2075240949,28680,8.27
2025-10-05,3,18,Awake,8,24,16,15,15,68,98,17,1,1080,5340,19,100,23340,10,85,0,2075270709,2075240949,28680,8.27
2025-10-06,0,54,Deep,8,23,16,16,16,65,98,26,1,540,3240,20,100,20700,10,89,780,2075351429,2075326207,24682,7.01
2025-10-06,1,344.36666667,Light,8,23,16,16,16,65,98,26,1,540,3240,20,100,20700,10,89,780,2075351429,2075326207,24682,7.01
2025-10-06,2,13,REM,8,23,16,16,16,65,98,26,1,540,3240,20,100,20700,10,89,780,2075351429,2075326207,24682,7.01
2025-10-06,3,9,Awake,8,23,16,16,16,65,98,26,1,540,3240,20,100,20700,10,89,780,2075351429,2075326207,24682,7.01
2025-10-07,0,89,Deep,7,24,17,15,15,58,94,14,1,900,5340,21,100,18660,11,85,4920,2075438136,2075408316,28920,8.28
2025-10-07,1,311,Light,7,24,17,15,15,58,94,14,1,900,5340,21,100,18660,11,85,4920,2075438136,2075408316,28920,8.28
2025-10-07,2,82,REM,7,24,17,15,15,58,94,14,1,900,5340,21,100,18660,11,85,4920,2075438136,2075408316,28920,8.28
2025-10-07,3,15,Awake,7,24,17,15,15,58,94,14,1,900,5340,21,100,18660,11,85,4920,2075438136,2075408316,28920,8.28
2025-10-08,0,77,Deep,8,25,17,18,18,71,93,45,2,1320,4620,23,100,13020,10,86,1260,2075516457,2075496237,18900,5.62
2025-10-08,1,217,Light,8,25,17,18,18,71,93,45,2,1320,4620,23,100,13020,10,86,1260,2075516457,2075496237,18900,5.62
2025-10-08,2,21,REM,8,25,17,18,18,71,93,45,2,1320,4620,23,100,13020,10,86,1260,2075516457,2075496237,18900,5.62
2025-10-08,3,22,Awake,8,25,17,18,18,71,93,45,2,1320,4620,23,100,13020,10,86,1260,2075516457,2075496237,18900,5.62
2025-10-09,0,117,Deep,7,23,16,15,15,57,96,15,0,0,7020,21,100,13020,8,87,7620,2075611377,2075583737,27640,7.68
2025-10-09,1,217,Light,7,23,16,15,15,57,96,15,0,0,7020,21,100,13020,8,87,7620,2075611377,2075583737,27640,7.68
2025-10-09,2,126.66666667,REM,7,23,16,15,15,57,96,15,0,0,7020,21,100,13020,8,87,7620,2075611377,2075583737,27640,7.68
2025-10-10,0,77,Deep,8,24,17,14,14,54,96,18,1,900,4620,20,100,11520,9,88,4800,2075695317,2075673477,20940,6.07
2025-10-10,1,192,Light,8,24,17,14,14,54,96,18,1,900,4620,20,100,11520,9,88,4800,2075695317,2075673477,20940,6.07
2025-10-10,2,80,REM,8,24,17,14,14,54,96,18,1,900,4620,20,100,11520,9,88,4800,2075695317,2075673477,20940,6.07
2025-10-10,3,15,Awake,8,24,17,14,14,54,96,18,1,900,4620,20,100,11520,9,88,4800,2075695317,2075673477,20940,6.07
2025-10-12,0,81,Deep,7,24,16,15,15,58,97,16,1,660,4860,20,100,17160,11,87,4020,2075876676,2075849976,26040,7.42
2025-10-12,1,286,Light,7,24,16,15,15,58,97,16,1,660,4860,20,100,17160,11,87,4020,2075876676,2075849976,26040,7.42
2025-10-12,2,67,REM,7,24,16,15,15,58,97,16,1,660,4860,20,100,17160,11,87,4020,2075876676,2075849976,26040,7.42
2025-10-12,3,11,Awake,7,24,16,15,15,58,97,16,1,660,4860,20,100,17160,11,87,4020,2075876676,2075849976,26040,7.42
2025-10-13,0,58,Deep,7,23,16,14,14,57,95,13,0,0,3480,20,100,10800,11,84,7200,2075955227,2075933757,21470,5.96
2025-10-13,1,180,Light,7,23,16,14,14,57,95,13,0,0,3480,20,100,10800,11,84,7200,2075955227,2075933757,21470,5.96
2025-10-13,2,119.83333333,REM,7,23,16,14,14,57,95,13,0,0,3480,20,100,10800,11,84,7200,2075955227,2075933757,21470,5.96
2025-10-14,0,127,Deep,9,25,17,15,15,57,95,16,1,660,7620,21,99,8160,11,87,5640,2076037602,2076015522,21420,6.13
2025-10-14,1,136,Light,9,25,17,15,15,57,95,16,1,660,7620,21,99,8160,11,87,5640,2076037602,2076015522,21420,6.13
2025-10-14,2,94,REM,9,25,17,15,15,57,95,16,1,660,7620,21,99,8160,11,87,5640,2076037602,2076015522,21420,6.13
2025-10-14,3,11,Awake,9,25,17,15,15,57,95,16,1,660,7620,21,99,8160,11,87,5640,2076037602,2076015522,21420,6.13
2025-10-15,0,56,Deep,8,24,17,16,16,57,97,17,2,1800,3360,21,100,13860,11,87,2280,2076126149,2076104849,19500,5.92
2025-10-15,1,231,Light,8,24,17,16,16,57,97,17,2,1800,3360,21,100,13860,11,87,2280,2076126149,2076104849,19500,5.92
2025-10-15,2,38,REM,8,24,17,16,16,57,97,17,2,1800,3360,21,100,13860,11,87,2280,2076126149,2076104849,19500,5.92
2025-10-15,3,30,Awake,8,24,17,16,16,57,97,17,2,1800,3360,21,100,13860,11,87,2280,2076126149,2076104849,19500,5.92
2025-10-16,0,113,Deep,10,20,18,15,15,59,96,19,0,60,6780,20,100,11940,11,86,5220,2076211609,2076187609,23940,6.67
2025-10-16,1,199,Light,10,20,18,15,15,59,96,19,0,60,6780,20,100,11940,11,86,5220,2076211609,2076187609,23940,6.67
2025-10-16,2,87,REM,10,20,18,15,15,59,96,19,0,60,6780,20,100,11940,11,86,5220,2076211609,2076187609,23940,6.67
2025-10-16,3,1,Awake,10,20,18,15,15,59,96,19,0,60,6780,20,100,11940,11,86,5220,2076211609,2076187609,23940,6.67
